Warehouse_ID,Location,Current_Stock,Demand_Forecast,Lead_Time_Days,Shipping_Time_Days,Stockout_Risk,Operational_Cost,Supplier_ID,Product_Category,Monthly_Sales,Order_Processing_Time,Return_Rate,Customer_Rating,Warehouse_Capacity,Storage_Cost,Transportation_Cost,Backorder_Quantity,Damaged_Goods,Employee_Count,total_time,sales_per_employee,processing_per_unit,demand_gap,inventory_status,warehouse_utilization,utilization_category,inventory_turnover,turnover_category,damage_rate,forecast_error,forecast_category,accuracy,accuracy_category,demand_sales_zone,total_cost,Monthly_Revenue,profit_margin,estimated_profit,risk_score,salary_cost,salary_per_employee,revenue_per_employee,stock_per_employee,required_emp_sales,required_emp_stock,ideal_employee_count
WH239,Dallas,3926,484,8,3,7,93895,S693,Groceries,4893,4.766230718764152,6.053951997842127,3.840976300612479,28701,16975,2778,228,26,83,7.766230718764152,58.95180722891566,0.0009740917062669431,-4409,Overstock,0.13678965889690256,Low,1.2463066734589914,Healthy,0.006622516556291391,-4409,Under-Forecast,10.109504132231406,Highly Overperforming,Low Demand Zone,19753,244650,0.9330101626016261,224897,4.618172354319526,74142,893.277108433735,2947.590361445783,47.30120481927711,48.148339757940526,77.1624621643993,63.0
WH244,Houston,3032,5122,3,6,25,46847,S880,Electronics,4453,4.3043353239038735,3.8869957959395016,2.113928974421545,36198,14052,1535,288,16,39,10.304335323903874,114.17948717948718,0.0009666147145528573,669,Shortage,0.08376153378639704,Very Low,1.4686675461741425,Healthy,0.005277044854881266,669,Overestimate (Unmet Demand),0.8693869582194456,Underperforming,Unmet Demand Zone,15587,222650,0.929993262968785,207063,11.167681852238314,31260,801.5384615384615,5708.974358974359,77.74358974358974,43.81863007196182,59.59159074948005,52.0
WH340,Chicago,4763,4343,5,5,16,64176,S116,Furniture,5956,1.030779123572021,7.335160144687795,4.211437108477245,22784,9863,13435,153,3,49,6.030779123572021,121.55102040816327,0.00017306566883344877,-1613,Overstock,0.2090502106741573,Low,1.2504723913499896,Healthy,0.0006298551333193366,-1613,Under-Forecast,1.3714022565047201,Overperforming,Future Demand Zone,23298,297800,0.9480270916334661,274502,8.600736999946333,40878,834.2448979591836,6077.551020408163,97.20408163265306,58.60852474929364,93.61304311997806,76.0
WH428,Atlanta,2219,777,7,6,15,38940,S431,Apparel,5814,2.871244047490718,1.393481491074176,1.75167148929249,13172,15911,14508,143,39,35,8.871244047490718,166.11428571428573,0.0004938500253682006,-5037,Overstock,0.16846340722745218,Low,2.6200991437584498,Fast Moving,0.01757548445245606,-5037,Under-Forecast,7.482625482625482,Highly Overperforming,Under-Forecast Zone,30419,290700,0.8642584242026727,260281,6.42331709265799,8521,243.45714285714286,8305.714285714286,63.4,57.21120935063688,43.61271103993939,50.0
WH202,Dallas,809,4756,2,7,16,33933,S821,Electronics,2279,4.060930355752779,4.212666134979816,4.231919058684772,39619,19011,1904,296,30,67,11.06093035575278,34.014925373134325,0.0017818913364426412,2477,Shortage,0.02041949569650925,Very Low,2.8170580964153276,Fast Moving,0.037082818294190356,2477,Overestimate (Unmet Demand),0.4791841883936081,Underperforming,Unmet Demand Zone,20915,113950,0.8566692456479691,93035,7.6749246859822025,13018,194.29850746268656,1700.7462686567164,12.074626865671641,22.42592812351246,15.900262835200976,19.0
WH211,San Francisco,3840,666,9,1,19,30165,S459,Automotive,1326,0.6600062771781208,2.4114358026966034,1.1109878521328849,32490,9766,807,181,17,20,1.6600062771781208,66.3,0.0004977422904812374,-660,Overstock,0.11819021237303785,Low,0.3453125,Dead Stock,0.004427083333333333,-660,Under-Forecast,1.990990990990991,Overperforming,Low Demand Zone,10573,66300,0.9458658959537573,55727,8.324758865808983,19592,979.6,3315.0,192.0,13.048170553654025,75.4721993660961,44.0
WH008,Atlanta,4757,4776,7,7,12,38284,S655,Apparel,6186,3.0847965356528952,4.195065786911762,1.0104315934628012,19414,6995,8901,237,25,94,10.084796535652895,65.80851063829788,0.0004986738660932582,-1410,Shortage,0.24502936025548575,Low,1.3003994113937356,Healthy,0.0052554130754677315,-1410,Under-Forecast,1.2952261306532664,Overperforming,Future Demand Zone,15896,309300,0.948606530876172,293404,6.06009635999617,22388,238.17021276595744,3290.425531914894,50.6063829787234,60.87178208514615,93.49511780846854,77.0
WH438,Atlanta,4803,2432,9,5,20,45299,S845,Electronics,5539,2.433819850658695,6.010138788250456,2.4498315534415,42401,17954,13519,172,9,91,7.433819850658695,60.86813186813187,0.00043939697610736507,-3107,Overstock,0.1132756302917384,Low,1.153237559858422,Healthy,0.0018738288569643974,-3107,Under-Forecast,2.2775493421052633,Highly Overperforming,Under-Forecast Zone,31473,276950,0.9204377504080724,245477,9.803603785132225,13826,151.93406593406593,3043.4065934065934,52.78021978021978,54.505140796900186,94.39921186337489,74.0
WH106,New York,1401,2940,10,6,22,36265,S456,Apparel,1822,1.2916557112728806,3.147317563356474,4.739126956890537,18053,17284,773,205,17,78,7.291655711272881,23.358974358974358,0.0007089219051991661,1118,Shortage,0.07760483022212375,Very Low,1.3004996431120628,Healthy,0.012134189864382585,1118,Overestimate (Unmet Demand),0.6197278911564625,Underperforming,Low Demand Zone,18057,91100,0.9389687892991883,73043,9.747835525966257,18208,233.43589743589743,1167.948717948718,17.96153846153846,17.92893419966639,27.535560237474126,23.0
WH099,New York,4213,3732,5,7,20,57333,S569,Electronics,4608,3.099240002721201,3.218993567473094,2.698892569190911,31286,5653,7017,97,44,58,10.099240002721201,79.44827586206897,0.0006725781255905385,-876,Overstock,0.13466087067698013,Low,1.0937574175172087,Healthy,0.010443864229765013,-876,Under-Forecast,1.234726688102894,Overperforming,Unmet Demand Zone,12670,230400,0.9513029650148763,217730,8.968831229510856,44663,770.051724137931,3972.4137931034484,72.63793103448276,45.34386871134068,82.80322289827158,64.0
WH366,Los Angeles,1670,1713,10,2,20,71498,S813,Apparel,2147,0.7200289387458421,3.94978986646152,1.610447554524986,37590,19542,13230,123,15,90,2.720028938745842,23.855555555555554,0.0003353651321592185,-434,Shortage,0.0444267092311785,Very Low,1.2856287425149702,Healthy,0.008982035928143712,-434,Under-Forecast,1.2533566841798016,Overperforming,Low Demand Zone,32772,107350,0.9005905920759757,74578,9.1876315707169,38726,430.2888888888889,1192.7777777777778,18.555555555555557,21.127015217718846,32.822545036817836,27.0
WH286,Los Angeles,2208,1339,8,1,15,95778,S560,Automotive,5219,3.624469253168056,5.915695635401246,4.205013314821327,26580,13840,12534,160,31,34,4.624469253168056,153.5,0.0006944758101490813,-3880,Overstock,0.08306997742663656,Very Low,2.3636775362318843,Fast Moving,0.014039855072463768,-3880,Under-Forecast,3.8976848394324124,Highly Overperforming,Low Demand Zone,26374,260950,0.9389265282063729,234576,7.778920647142113,69404,2041.2941176470588,7675.0,64.94117647058823,51.3562610252793,43.39651463550526,47.0
WH023,San Francisco,2635,4395,10,7,23,73077,S603,Groceries,8989,3.6185995041749854,9.459499629543489,2.0187091127591867,36191,7937,14852,54,4,78,10.618599504174986,115.24358974358974,0.00040255862767549065,-4594,Shortage,0.07280815672404742,Very Low,3.411385199240987,Fast Moving,0.0015180265654648956,-4594,Under-Forecast,2.045278725824801,Highly Overperforming,Future Demand Zone,22789,449450,0.954591891170979,426661,12.038305296832686,50288,644.7179487179487,5762.179487179487,33.782051282051285,88.4540008346878,51.78886597126647,70.0
WH428,Seattle,1799,484,5,3,25,57671,S469,Apparel,4671,2.128322844311441,7.933189235079049,1.4774264053473645,34452,18186,14587,253,36,94,5.128322844311441,49.691489361702125,0.00045564608099153095,-4187,Overstock,0.052217578079647047,Very Low,2.596442468037799,Fast Moving,0.020011117287381877,-4187,Under-Forecast,9.650826446280991,Highly Overperforming,Low Demand Zone,32773,233550,0.8642584242026727,200777,12.385960105709929,24898,264.8723404255319,2484.574468085106,19.138297872340427,45.963804416378544,35.35793923427263,41.0
WH080,Seattle,4041,2603,7,4,8,92226,S103,Furniture,4073,4.151248720547726,7.02251724642419,1.4197695355080584,38531,15308,4244,194,49,93,8.151248720547727,43.795698924731184,0.0010192115690026335,-1470,Overstock,0.10487659287327088,Low,1.007918831972284,Healthy,0.01212571145756001,-1470,Under-Forecast,1.5647330003841722,Overperforming,Low Demand Zone,19552,203650,0.9216015275374426,184098,5.310392887364525,72674,781.4408602150538,2189.7849462365593,43.45161290322581,40.07933534316202,79.4226973016652,60.0
WH191,Seattle,848,4701,7,5,21,93258,S136,Groceries,9842,2.211782892403385,5.227020681668493,3.992986904463386,11429,12498,5777,175,5,64,7.211782892403384,153.78125,0.00022472900755978305,-5141,Shortage,0.07419721760433984,Very Low,11.606132075471699,Very Fast,0.00589622641509434,-5141,Under-Forecast,2.093597106998511,Highly Overperforming,Future Demand Zone,18275,492100,0.9628632391790286,473825,9.969875072425078,74983,1171.609375,7689.0625,13.25,96.84773347591471,16.66677736001289,57.0
WH049,Dallas,4357,4984,2,5,24,40932,S759,Automotive,3420,1.0055867631751922,3.931769230214336,2.256984920583489,42128,2181,8725,122,3,53,6.0055867631751925,64.52830188679245,0.00029403121730268777,1564,Shortage,0.10342290163311811,Low,0.7849437686481524,Slow Moving,0.0006885471654808355,1564,Overestimate (Unmet Demand),0.6861958266452648,Underperforming,Unmet Demand Zone,10906,171000,0.9521158705701078,160094,10.779737333213946,30026,566.5283018867924,3226.4150943396226,82.20754716981132,33.653652559198164,85.6334303745002,60.0
WH233,New York,2443,5093,6,5,22,80137,S201,Apparel,7676,3.38818925346934,1.0295708446586591,1.3830311064828682,32242,6179,2251,34,50,58,8.38818925346934,132.3448275862069,0.0004414003717391011,-2583,Shortage,0.07577073382544507,Very Low,3.1420384772820302,Fast Moving,0.020466639377814164,-2583,Under-Forecast,1.5071666993913215,Overperforming,Future Demand Zone,8430,383800,0.9771384568926469,375370,9.115011245210942,71707,1236.3275862068965,6617.241379310345,42.12068965517241,75.53375352175587,48.015256002961664,62.0
WH101,Chicago,4929,2198,7,2,7,59285,S406,Apparel,7953,2.076502400422968,6.961396945958712,3.456670588392209,42598,7843,6764,159,21,17,4.076502400422968,467.8235294117647,0.00026109674342046624,-5755,Overstock,0.11570965773040988,Low,1.613511868533171,Healthy,0.00426049908703591,-5755,Under-Forecast,3.6182893539581436,Highly Overperforming,Under-Forecast Zone,14607,397650,0.9632666918144096,383043,4.889697233513725,44678,2628.1176470588234,23391.176470588234,289.94117647058823,78.2595025740652,96.87564340507492,88.0
WH207,Miami,1463,4048,5,3,17,77723,S637,Furniture,2765,2.9049574786180954,2.4361907473894533,2.0412976291377984,30536,18584,14848,270,8,94,5.904957478618096,29.414893617021278,0.0010506175329541032,1283,Shortage,0.047910662824207494,Very Low,1.8899521531100478,Healthy,0.005468215994531784,1283,Overestimate (Unmet Demand),0.6830533596837944,Underperforming,Unmet Demand Zone,33432,138250,0.7581772151898735,104818,7.532497689015196,44291,471.1808510638298,1470.7446808510638,15.563829787234043,27.208289276661674,28.75412178973922,28.0
WH369,San Francisco,2314,1514,6,5,9,81364,S549,Groceries,5331,3.592180375409264,9.016686095198386,1.062427089758854,31325,12245,10053,70,11,10,8.592180375409264,533.1,0.0006738286204106666,-3817,Overstock,0.0738707102952913,Very Low,2.3038029386343992,Fast Moving,0.004753673292999135,-3817,Under-Forecast,3.52113606340819,Highly Overperforming,Under-Forecast Zone,22298,266550,0.9163459013318327,244252,6.306431930547415,59066,5906.6,26655.0,231.4,52.458368945346606,45.47986180550687,49.0
WH179,Denver,3850,3733,2,4,21,83283,S426,Furniture,9416,4.392024121655131,8.726997258989712,3.825005348963418,25907,7284,12751,199,3,16,8.39202412165513,588.5,0.0004664426637271804,-5683,Overstock,0.14860848419346123,Low,2.4457142857142857,Fast Moving,0.0007792207792207792,-5683,Under-Forecast,2.5223680685775514,Highly Overperforming,Future Demand Zone,20035,470800,0.9486869523218106,450765,11.01833294393068,63248,3953.0,29425.0,240.625,92.65578727994442,75.66874155194532,84.0
WH220,Dallas,1542,3354,7,1,23,36696,S271,Electronics,7295,4.272494208086773,7.826373236218778,4.310665840736364,48600,2541,713,264,16,48,5.272494208086773,151.97916666666666,0.0005856743259885912,-3941,Shortage,0.03172839506172839,Very Low,4.730869001297017,Fast Moving,0.010376134889753566,-3941,Under-Forecast,2.175014907573047,Highly Overperforming,Future Demand Zone,3254,364750,0.9910788211103495,361496,11.55102481133256,33442,696.7083333333334,7598.958333333333,32.125,71.78461854366977,30.306805057947965,51.0
WH268,Chicago,2383,697,5,5,14,84872,S636,Groceries,4982,2.5720078069726195,4.239142046638407,2.9446442275021387,39082,19243,10301,202,49,26,7.5720078069726195,191.6153846153846,0.000516260097746411,-4285,Overstock,0.060974361598689936,Very Low,2.0906420478388585,Fast Moving,0.020562316407889216,-4285,Under-Forecast,7.147776183644189,Highly Overperforming,Low Demand Zone,29544,249100,0.8786898478733313,219556,6.877911308913889,55328,2128.0,9580.76923076923,91.65384615384616,49.02412194442259,46.83600288786641,48.0
WH196,Houston,4003,1225,2,3,12,75092,S336,Furniture,7111,1.302660490899678,3.859126551471246,1.469343866587811,14012,4592,3788,137,5,84,4.302660490899678,84.6547619047619,0.0001831894938686089,-5886,Overstock,0.28568369968598345,Moderate,1.7764176867349488,Healthy,0.0012490632025980515,-5886,Under-Forecast,5.804897959183673,Highly Overperforming,Under-Forecast Zone,8380,355550,0.9259277469003848,347170,5.958112684402154,66712,794.1904761904761,4232.738095238095,47.654761904761905,69.97401267498776,78.6758369954382,74.0
WH376,San Francisco,3337,3349,5,5,10,88630,S566,Electronics,2070,0.8004787547521083,4.480422802331949,3.5877754784297347,28749,10282,3061,207,38,61,5.800478754752108,33.9344262295082,0.000386704712440632,1279,Shortage,0.11607360256008904,Low,0.6203176505843572,Slow Moving,0.011387473778843273,1279,Overestimate (Unmet Demand),0.6180949537175277,Underperforming,Unmet Demand Zone,13343,103500,0.9197784669915817,90157,5.347543082833238,75287,1234.2131147540983,1696.72131147541,54.704918032786885,20.36931602267257,65.58612741788092,43.0
WH199,Miami,3549,3228,10,3,13,74353,S158,Electronics,9527,1.7905954565362066,9.707976612626997,2.139907856204592,49867,1083,8062,188,4,56,4.790595456536207,170.125,0.00018794955983375737,-6299,Overstock,0.07116931036557242,Very Low,2.6844181459566077,Fast Moving,0.0011270780501549732,-6299,Under-Forecast,2.951363073110285,Highly Overperforming,Future Demand Zone,9145,476350,0.9756816584680253,467205,8.112731107203146,65208,1164.4285714285713,8506.25,63.375,93.7480549507254,69.75282175788413,82.0
WH092,Dallas,936,431,5,6,9,73884,S970,Automotive,7584,2.2190855205002795,2.152120281980923,4.870324471233605,32410,16534,12558,61,19,68,8.219085520500279,111.52941176470588,0.0002926009388845305,-7153,Overstock,0.028879975316260412,Very Low,8.102564102564102,Very Fast,0.0202991452991453,-7153,Under-Forecast,17.59628770301624,Highly Overperforming,Under-Forecast Zone,29092,379200,0.9393013207239523,350108,4.2517258281840205,44792,658.7058823529412,5576.470588235294,13.764705882352942,74.62845058741487,18.396348595485925,47.0
WH404,Atlanta,1785,565,2,4,7,56955,S185,Apparel,8992,1.1843095340584908,3.3007619706390727,3.01514959885601,21520,9662,12565,159,29,41,5.184309534058491,219.3170731707317,0.000131707021136398,-8427,Overstock,0.08294609665427509,Very Low,5.037535014005602,Very Fast,0.016246498599439777,-8427,Under-Forecast,15.91504424778761,Highly Overperforming,Under-Forecast Zone,22227,449600,0.9489747559744194,427373,3.795102540771554,34728,847.0243902439024,10965.853658536585,43.53658536585366,88.48352158254674,35.08278017408374,62.0
WH206,Dallas,4646,3459,10,4,14,88732,S585,Groceries,2984,4.231301558061503,2.8572873730434525,3.813049979608013,44144,14983,1982,110,22,64,8.231301558061503,46.625,0.0014179965006908522,475,Overstock,0.10524646611090975,Low,0.6422729229444684,Slow Moving,0.004735256134309083,475,Overestimate (Unmet Demand),0.8626770742989304,Underperforming,Unmet Demand Zone,16965,149200,0.8862935656836461,132235,6.458606788753329,71767,1121.359375,2331.25,72.59375,29.363303870364714,91.31349954554231,60.0
WH021,Houston,1888,3795,8,4,17,82892,S560,Electronics,3884,3.058123020196569,1.3109219039045117,4.622931173566437,30335,12391,10615,127,34,99,7.058123020196569,39.23232323232323,0.0007873643203389725,-89,Shortage,0.06223833855282677,Very Low,2.0572033898305087,Fast Moving,0.018008474576271187,-89,Under-Forecast,1.023451910408432,Accurate,Unmet Demand Zone,23006,194200,0.8815345005149331,171194,7.198679113544236,59886,604.9090909090909,1961.6161616161617,19.07070707070707,38.21952822804844,37.107164688330585,38.0
WH253,Miami,2962,552,5,3,17,99018,S491,Furniture,1392,2.974522506657157,9.38394043904657,4.136936831796843,10606,3671,13568,255,4,7,5.9745225066571575,198.85714285714286,0.002136869616851406,-840,Overstock,0.27927588157646616,Moderate,0.4699527346387576,Dead Stock,0.0013504388926401081,-840,Under-Forecast,2.5217391304347827,Highly Overperforming,Low Demand Zone,17239,69600,0.7523132183908046,52361,9.615587263381764,81779,11682.714285714286,9942.857142857143,423.14285714285717,13.697627006550832,58.21579544853559,36.0
WH484,Los Angeles,3743,410,5,1,23,81031,S376,Groceries,1897,0.6414395830320867,0.6489573120106318,1.788342617411549,48044,14036,11150,278,9,22,1.6414395830320867,86.22727272727273,0.00033813367582081534,-1487,Overstock,0.07790775122804096,Very Low,0.5068127170718675,Slow Moving,0.0024044883783061713,-1487,Under-Forecast,4.626829268292683,Highly Overperforming,Low Demand Zone,25186,94850,0.7344649446494464,69664,9.395408540116682,55845,2538.409090909091,4311.363636363636,170.13636363636363,18.666952896140035,73.56574016335878,46.0
WH392,Houston,2742,4889,9,3,22,67455,S545,Furniture,5933,1.1393086290943637,3.6921854761483752,3.1475901681058525,41692,2294,5421,129,32,11,4.139308629094364,539.3636363636364,0.00019202909642581555,-1044,Shortage,0.06576801304806677,Very Low,2.163749088256747,Fast Moving,0.011670313639679067,-1044,Under-Forecast,1.2135406013499692,Overperforming,Future Demand Zone,7715,296650,0.9739929209506152,288935,9.911156736936418,59740,5430.909090909091,26968.18181818182,249.27272727272728,58.382199015708395,53.891867359852995,56.0
WH326,Miami,3837,3017,7,6,16,54060,S276,Apparel,3145,0.6512476252277024,9.628371283236444,3.100092505654771,49681,7521,4161,287,5,13,6.651247625227702,241.92307692307693,0.0002070739666860739,-128,Overstock,0.07723274491254202,Very Low,0.8196507688298149,Slow Moving,0.0013031013812874641,-128,Under-Forecast,1.0424262512429565,Accurate,Low Demand Zone,11682,157250,0.9193623768986814,145568,9.28890231538532,42378,3259.846153846154,12096.153846153846,295.15384615384613,30.94758400546147,75.41323671034134,53.0
WH335,Houston,1423,3261,2,3,16,94094,S555,Electronics,8668,3.030536236273915,1.6633502865539338,3.8396133880730727,49197,7966,7011,103,31,96,6.030536236273916,90.29166666666667,0.0003496234698054817,-5407,Shortage,0.028924527918369008,Very Low,6.0913562895291635,Very Fast,0.02178496134926212,-5407,Under-Forecast,2.6580803434529288,Highly Overperforming,Future Demand Zone,14977,433400,0.9654430087678819,418423,6.905540574370959,79117,824.1354166666666,4514.583333333333,14.822916666666666,85.29528081378061,27.967953046342384,57.0
WH415,Chicago,4568,1768,7,6,12,97211,S388,Groceries,3154,2.2793792119689944,9.733098225039894,4.2742435372990215,47783,11813,546,247,12,46,8.279379211968994,68.56521739130434,0.0007226947406369672,-1386,Overstock,0.09559885314860934,Very Low,0.6904553415061296,Slow Moving,0.002626970227670753,-1386,Under-Forecast,1.7839366515837105,Overperforming,Low Demand Zone,12359,157700,0.9216296766011414,145341,7.7207175585802705,84852,1844.608695652174,3428.2608695652175,99.30434782608695,31.036146249038307,89.7804704959185,60.0
WH009,New York,4577,1024,8,4,13,67329,S104,Electronics,8412,4.408621821455748,9.61958336112876,3.1332236455678664,42346,16029,6976,229,10,25,8.408621821455748,336.48,0.0005240872350755763,-7388,Overstock,0.108085769612242,Low,1.8378850775617217,Healthy,0.002184837229626393,-7388,Under-Forecast,8.21484375,Highly Overperforming,Under-Forecast Zone,23005,420600,0.9469766068924803,397595,8.086530459507514,44324,1772.96,16824.0,183.08,82.7761769964839,89.95735846318277,86.0
WH397,Denver,4372,643,7,1,19,42195,S204,Automotive,8278,0.718415832716746,8.157148445402388,4.163828462305091,35116,18146,7702,35,40,40,1.718415832716746,206.95,8.678616002859943e-05,-7635,Overstock,0.12450165166875499,Low,1.893412625800549,Healthy,0.009149130832570906,-7635,Under-Forecast,12.87402799377916,Highly Overperforming,Under-Forecast Zone,25848,413900,0.8979273643917468,388052,10.049889272870487,16347,408.675,10347.5,109.3,81.45758359211766,85.928243653274,84.0
WH122,San Francisco,1332,1339,7,7,9,46106,S596,Groceries,3223,1.9334868111275203,9.51614841685385,2.5529092595720466,15012,19964,11533,190,35,39,8.933486811127521,82.64102564102564,0.0005999028269089421,-1884,Shortage,0.08872901678657075,Very Low,2.41966966966967,Fast Moving,0.026276276276276277,-1884,Under-Forecast,2.4070201643017177,Highly Overperforming,Low Demand Zone,31497,161150,0.867108695652174,129653,6.462727407939037,14609,374.5897435897436,4132.051282051282,34.15384615384615,31.715123449794056,26.179419155114587,29.0
WH157,Atlanta,2390,409,3,4,10,81644,S452,Apparel,9800,1.613687357610135,8.526445727444779,4.101969873834205,15979,9882,8995,33,45,29,5.613687357610135,337.9310344827586,0.0001646619752663403,-9391,Overstock,0.14957131234745605,Low,4.100418410041841,Fast Moving,0.01882845188284519,-9391,Under-Forecast,23.96088019559902,Highly Overperforming,Under-Forecast Zone,18877,490000,0.9614755102040816,471123,6.5635822537982875,62767,2164.3793103448274,16896.55172413793,82.41379310344827,96.43444300588948,46.973582417960856,72.0
WH269,Los Angeles,1403,4806,7,7,20,86006,S571,Apparel,6079,4.240567245749428,5.927271060017021,3.840806460419825,38733,16907,4024,274,14,31,11.240567245749428,196.09677419354838,0.0006975764510198106,-1273,Shortage,0.03622234270518679,Very Low,4.332858161083393,Fast Moving,0.009978617248752673,-1273,Under-Forecast,1.264877236787349,Overperforming,Future Demand Zone,20931,303950,0.9071733757062147,283019,9.781174903179732,65075,2099.1935483870966,9804.838709677419,45.25806451612903,59.81887541151042,27.574868674643966,44.0
WH366,Dallas,1217,564,2,4,15,64548,S783,Furniture,6930,1.2923014457024704,4.62530604167913,2.0263570666603763,33642,13415,14962,40,1,85,5.292301445702471,81.52941176470588,0.00018647928509415158,-6366,Overstock,0.036175019321086736,Very Low,5.694330320460148,Very Fast,0.0008216926869350862,-6366,Under-Forecast,12.287234042553191,Highly Overperforming,Under-Forecast Zone,28377,346500,0.9005905920759757,318123,7.387838320309819,36171,425.54117647058825,4076.470588235294,14.31764705882353,68.1929275541647,23.919184017848686,46.0
WH459,New York,1295,2782,2,1,23,60363,S286,Electronics,2694,3.2658912630718566,2.930826553951479,1.8008252145091657,24041,5744,2583,8,19,55,4.265891263071857,48.981818181818184,0.001212283319625782,88,Shortage,0.053866311717482636,Very Low,2.0803088803088805,Fast Moving,0.014671814671814672,88,Overestimate (Unmet Demand),0.9683680805176133,Slightly Under,Low Demand Zone,8327,134700,0.938181143281366,126373,10.083649510586989,52036,946.1090909090909,2449.090909090909,23.545454545454547,26.50963157733329,25.452213067472513,26.0
WH302,Los Angeles,2867,2066,9,2,12,88536,S872,Furniture,1220,1.339351015510263,6.523684812306979,3.74721074916523,29903,7233,4194,0,15,69,3.339351015510263,17.681159420289855,0.0010978287012379205,846,Overstock,0.09587666789285355,Very Low,0.425531914893617,Dead Stock,0.005231949773282177,846,Overestimate (Unmet Demand),0.590513068731849,Underperforming,Low Demand Zone,11427,61000,0.812672131147541,49573,6.758675028624078,77109,1117.5217391304348,884.0579710144928,41.55072463768116,12.005104129304607,56.34864468296811,34.0
WH112,Chicago,3120,4695,8,5,21,56043,S669,Furniture,8079,2.695718699122733,3.6408409199561977,3.497191590102298,38594,2330,1930,91,47,26,7.695718699122732,310.7307692307692,0.0003336698476448487,-3384,Shortage,0.08084158159299373,Very Low,2.589423076923077,Fast Moving,0.015064102564102564,-3384,Under-Forecast,1.7207667731629392,Overperforming,Future Demand Zone,4260,403950,0.9894541403639064,399690,9.496771506756092,51783,1991.6538461538462,15536.538461538461,120.0,79.49937398414092,61.321161984953086,70.0
WH428,Atlanta,3337,4873,4,3,23,33193,S810,Automotive,1712,4.409161311263766,8.464944948563986,4.898802640026029,17790,17299,2291,64,4,14,7.409161311263766,122.28571428571429,0.002575444691158742,3161,Shortage,0.18757729061270376,Low,0.5130356607731495,Slow Moving,0.001198681450404555,3161,Overestimate (Unmet Demand),0.3513236199466448,Underperforming,Unmet Demand Zone,19590,85600,0.8642584242026727,66010,11.739843089004319,13603,971.6428571428571,6114.285714285715,238.35714285714286,16.84650677817171,65.58612741788092,41.0
WH361,Dallas,4062,1475,8,3,9,39957,S498,Groceries,4224,3.1831758641995984,6.228950011162652,2.773447385033695,14738,9524,13636,66,42,54,6.183175864199598,78.22222222222223,0.0007535927708805868,-2749,Overstock,0.2756140588953725,Moderate,1.0398818316100442,Healthy,0.0103397341211226,-2749,Under-Forecast,2.863728813559322,Highly Overperforming,Low Demand Zone,23160,211200,0.9277272324984512,188040,5.471786923585133,16797,311.05555555555554,3911.1111111111113,75.22222222222223,41.565212985395625,79.83543589194853,61.0
WH140,Los Angeles,1449,1639,8,4,20,60432,S278,Groceries,7003,0.9921953643913656,8.938582936413296,3.158641904655892,41388,13400,1148,115,27,25,4.992195364391366,280.12,0.0001416814742812174,-5364,Shortage,0.03501014786894752,Very Low,4.832988267770877,Fast Moving,0.018633540372670808,-5364,Under-Forecast,4.2727272727272725,Highly Overperforming,Under-Forecast Zone,14548,350150,0.9584520919605883,335602,10.687164943035791,45884,1835.36,14006.0,57.96,68.91126575206572,28.478962729550325,49.0
WH005,San Francisco,2474,1871,9,4,23,44010,S498,Furniture,4844,1.7227181774408522,3.0435661743802185,3.832921047818327,33661,4235,3155,180,15,76,5.722718177440852,63.73684210526316,0.00035563959071859046,-2973,Overstock,0.07349751938445084,Very Low,1.957962813257882,Healthy,0.006063055780113177,-2973,Under-Forecast,2.5889898450026725,Highly Overperforming,Low Demand Zone,7390,242200,0.9519814446653413,234810,10.1148887690481,36620,481.8421052631579,3186.842105263158,32.55263157894737,47.66616754291108,48.62453677909421,48.0
WH487,Miami,3885,2529,9,6,19,58271,S695,Apparel,3921,1.094687117170832,9.132850739548806,4.176466027057744,30250,12697,6016,204,37,44,7.094687117170832,89.11363636363636,0.0002791856968045988,-1392,Overstock,0.1284297520661157,Low,1.0092664092664092,Healthy,0.009523809523809525,-1392,Under-Forecast,1.5504151838671412,Overperforming,Low Demand Zone,18713,196050,0.9045498597296608,177337,10.342712364721786,39558,899.0454545454545,4455.681818181818,88.29545454545455,38.583617451642105,76.35663920241754,57.0
WH136,Houston,2227,3193,8,7,22,71473,S899,Electronics,5510,1.4280201902153071,2.1863081853338526,1.464525751780562,19817,8826,11062,194,29,7,8.428020190215307,787.1428571428571,0.0002591688185508724,-2317,Shortage,0.11237826108896402,Low,2.4741805118994162,Fast Moving,0.013022002694207453,-2317,Under-Forecast,1.7256498590667084,Overperforming,Future Demand Zone,19888,275500,0.8458491142333537,255612,9.45979905640842,51585,7369.285714285715,39357.142857142855,318.14285714285717,54.21977356759704,43.76994478861876,49.0
WH286,Miami,1443,568,5,7,21,51904,S778,Electronics,5045,4.89985869596623,8.76144958191833,3.6390350502847215,29712,14945,8595,76,18,18,11.89985869596623,280.27777777777777,0.0009712306632242278,-4477,Overstock,0.04856623586429725,Very Low,3.496188496188496,Fast Moving,0.012474012474012475,-4477,Under-Forecast,8.882042253521126,Highly Overperforming,Low Demand Zone,23540,252250,0.9389265282063729,228710,11.032177078317703,28364,1575.7777777777778,14013.888888888889,80.16666666666667,49.64405764946045,28.3610374180408,39.0
WH456,Miami,4451,4005,9,3,10,71826,S686,Groceries,9427,0.5150143296379995,1.8423728497205547,3.681752251022964,19710,9717,12407,88,9,35,3.5150143296379994,269.34285714285716,5.463183723750923e-05,-5422,Overstock,0.22582445459157788,Low,2.1179510222421927,Fast Moving,0.002022017524151876,-5422,Under-Forecast,2.3538077403245943,Highly Overperforming,Future Demand Zone,22124,471350,0.9530624801103215,449226,4.553318460173412,49702,1420.057142857143,13467.142857142857,127.17142857142858,92.76403002209388,87.48092692148275,90.0
WH192,Los Angeles,2980,5034,5,1,5,72538,S293,Furniture,7397,4.921471157162285,6.862127079971069,3.9584411323980864,11351,16209,912,173,1,5,5.921471157162285,1479.4,0.0006653333996434075,-2363,Shortage,0.26253193551228965,Moderate,2.482214765100671,Fast Moving,0.0003355704697986577,-2363,Under-Forecast,1.4694080254270958,Overperforming,Future Demand Zone,17121,369850,0.9425200118588793,352729,4.05873879513226,55417,11083.4,73970.0,596.0,72.78832397087392,58.569571383064165,66.0
WH162,Denver,567,3280,7,3,18,36588,S134,Electronics,2840,0.9323914797278348,9.002075986242618,3.2384180430693785,49954,15435,5859,3,8,91,3.9323914797278348,31.208791208791208,0.00032830685905909675,440,Shortage,0.011350442407014454,Very Low,5.008818342151676,Very Fast,0.014109347442680775,440,Overestimate (Unmet Demand),0.8658536585365854,Underperforming,Unmet Demand Zone,21294,142000,0.9074704671074022,120706,9.90485560010559,15294,168.06593406593407,1560.4395604395604,6.230769230769231,27.946307973135315,11.143941937650128,20.0
WH341,New York,4529,3336,6,5,16,79668,S260,Groceries,1919,4.468831432312917,1.0617120915306713,2.9577528048835724,40101,5397,12018,49,25,62,9.468831432312918,30.951612903225808,0.0023287292508144433,1417,Overstock,0.11293982693698411,Low,0.42371384411569885,Dead Stock,0.005519982336056524,1417,Overestimate (Unmet Demand),0.5752398081534772,Underperforming,Unmet Demand Zone,17415,95950,0.845170607028754,78535,6.720169622160019,62253,1004.0806451612904,1547.5806451612902,73.04838709677419,18.883438380438967,89.01395597110657,54.0
WH490,Los Angeles,2983,4731,7,4,17,38811,S384,Automotive,2513,4.335195862570184,6.684995210837575,3.800416259710771,35268,3996,6269,189,35,42,8.335195862570185,59.833333333333336,0.0017251077845484217,2218,Shortage,0.08458092321651356,Very Low,0.8424404961448206,Slow Moving,0.011733154542406973,2218,Overestimate (Unmet Demand),0.5311773409427183,Underperforming,Unmet Demand Zone,10265,125650,0.8084782608695652,115385,8.809018509613995,28546,679.6666666666666,2991.6666666666665,71.02380952380952,24.72854645651023,58.62853403881893,42.0
WH485,San Francisco,2389,2700,5,3,11,40118,S679,Furniture,8949,1.0732346235889303,6.515364498870118,1.2802300693022914,42688,12734,4978,41,25,96,4.07323462358893,93.21875,0.00011992788284600853,-6249,Shortage,0.05596420539730135,Very Low,3.7459187944746755,Fast Moving,0.010464629552113856,-6249,Under-Forecast,3.3144444444444443,Highly Overperforming,Under-Forecast Zone,17712,447450,0.9604156889037881,429738,6.35774873852667,22406,233.39583333333334,4660.9375,24.885416666666668,88.0603908632352,46.95392819937594,68.0
WH307,Denver,4814,3915,4,7,22,88519,S930,Automotive,4537,4.74042147356746,7.02274290970391,3.122479416814796,49802,1114,7525,1,4,36,11.74042147356746,126.02777777777777,0.0010448361193668636,-622,Overstock,0.09666278462712341,Very Low,0.9424594931449938,Slow Moving,0.0008309098462816784,-622,Under-Forecast,1.1588761174968072,Accurate,Unmet Demand Zone,8639,226850,0.9699985960971501,218211,10.907072145865058,79880,2218.8888888888887,6301.388888888889,133.72222222222223,44.6452110120123,94.61540826780902,70.0
WH174,Miami,1935,3684,2,2,7,37318,S161,Groceries,6819,4.03304739538779,4.204409860724034,3.125580475180189,19330,3636,5063,97,33,42,6.03304739538779,162.35714285714286,0.0005914426448728245,-3135,Shortage,0.10010346611484738,Low,3.524031007751938,Fast Moving,0.017054263565891473,-3135,Under-Forecast,1.8509771986970684,Overperforming,Future Demand Zone,8699,340950,0.9535697734294541,332251,4.066439237286978,28619,681.4047619047619,8117.857142857143,46.07142857142857,67.1006598833837,38.03091296182186,53.0
WH099,Los Angeles,1478,3535,7,1,6,75822,S573,Electronics,8811,2.579711123408553,3.342924356819605,2.6841570934344245,33202,8946,11951,16,49,6,3.579711123408553,1468.5,0.000292783012530763,-5276,Shortage,0.04451539063911813,Very Low,5.961434370771313,Very Fast,0.033152909336941816,-5276,Under-Forecast,2.4925035360678924,Highly Overperforming,Future Demand Zone,20897,440550,0.9513029650148763,419653,3.4128231798469644,54925,9154.166666666666,73425.0,246.33333333333334,86.70243646172369,29.048935068513032,58.0
WH298,New York,4418,3948,10,7,6,74065,S355,Automotive,6836,4.428036194327062,8.336853233465032,3.9519508911197696,43351,11037,7760,112,7,83,11.428036194327062,82.36144578313252,0.0006477525152614192,-2888,Overstock,0.10191229729418007,Low,1.5473064735174287,Healthy,0.0015844273426889996,-2888,Under-Forecast,1.7315096251266464,Overperforming,Future Demand Zone,18797,341800,0.9450058513750731,323003,4.9015312982423165,55268,665.8795180722891,4118.0722891566265,53.2289156626506,67.26794412125106,86.83233770818036,77.0
WH265,Los Angeles,703,3797,8,5,19,43957,S712,Automotive,2756,4.557828119468245,9.756787507403113,4.991848592194668,12946,14139,7731,161,38,12,9.557828119468244,229.66666666666666,0.0016537837879057491,1041,Shortage,0.0543024872547505,Very Low,3.9203413940256047,Fast Moving,0.05405405405405406,1041,Overestimate (Unmet Demand),0.7258361864629971,Underperforming,Unmet Demand Zone,21870,137800,0.8412917271407837,115930,10.543252468437151,22087,1840.5833333333333,11483.333333333334,58.583333333333336,27.119727033084835,13.816915665199364,20.0
WH016,Atlanta,1279,3723,3,2,10,50740,S464,Electronics,8315,0.5517782391828784,7.173624411681981,1.9995045678789956,15987,5509,5968,266,8,82,2.5517782391828785,101.40243902439025,6.635937933648568e-05,-4592,Shortage,0.08000250203290173,Very Low,6.5011727912431585,Very Fast,0.006254886630179828,-4592,Under-Forecast,2.23341391351061,Highly Overperforming,Future Demand Zone,11477,415750,0.9265273341243041,404273,6.153963789493647,39263,478.8170731707317,5070.121951219512,15.597560975609756,81.82167281571132,25.13774557011378,53.0
WH154,Denver,668,3671,2,3,13,93117,S588,Apparel,7308,4.108975560147669,2.0703355255361084,3.1437257123407965,21884,16105,13500,135,7,24,7.108975560147669,304.5,0.000562257192138433,-3637,Shortage,0.030524584171083897,Very Low,10.940119760479043,Very Fast,0.010479041916167664,-3637,Under-Forecast,1.990738218469082,Overperforming,Future Demand Zone,29605,365400,0.9189792008757526,335795,5.824244370235683,63512,2646.3333333333335,15225.0,27.833333333333332,71.91254178439186,13.129018014727135,43.0
WH306,Miami,3066,3460,6,5,22,78996,S598,Electronics,3230,0.97006531042348,3.311748199582973,3.0910809200392277,49848,8552,12597,117,37,98,5.97006531042348,32.95918367346939,0.0003003298174685697,230,Shortage,0.06150698122291767,Very Low,1.0534898891063276,Healthy,0.012067840834964122,230,Overestimate (Unmet Demand),0.9335260115606936,Slightly Under,Unmet Demand Zone,21149,161500,0.9394469974297064,140351,9.797144812125381,57847,590.2755102040817,1647.9591836734694,31.285714285714285,31.784005194798265,60.25983418136736,46.0
WH062,Chicago,1701,2243,10,5,25,31210,S450,Furniture,1481,4.768843952502176,1.3788136390417498,4.822211600903072,29687,12883,9577,30,21,42,9.768843952502177,35.26190476190476,0.003220016173195257,762,Shortage,0.05729780712096204,Very Low,0.8706643151087595,Slow Moving,0.012345679012345678,762,Overestimate (Unmet Demand),0.6602764155149353,Underperforming,Low Demand Zone,22460,74050,0.6966914247130317,51590,10.417347795416228,8750,208.33333333333334,1763.095238095238,40.5,14.573409193032889,33.431825812950386,24.0
WH016,Atlanta,4789,834,10,4,22,80268,S699,Furniture,2642,2.447829059429385,5.474248613427676,2.3196092791361806,34766,17788,10987,129,20,27,6.447829059429385,97.85185185185185,0.0009265060785122578,-1808,Overstock,0.13774952539837773,Low,0.5516809354771351,Slow Moving,0.0041762372102735435,-1808,Under-Forecast,3.1678657074340526,Highly Overperforming,Low Demand Zone,28775,132100,0.9265273341243041,103325,10.443527455191386,51493,1907.148148148148,4892.592592592592,177.37037037037038,25.997938614444898,94.124052803186,60.0
WH155,Houston,1524,2820,4,3,23,63126,S335,Automotive,9598,1.9651171945069297,4.38051880749805,4.735659804478059,30211,3215,7518,135,12,37,4.96511719450693,259.4054054054054,0.000204742362419976,-6778,Shortage,0.05044520207871305,Very Low,6.297900262467191,Very Fast,0.007874015748031496,-6778,Under-Forecast,3.40354609929078,Highly Overperforming,Under-Forecast Zone,10733,479900,0.9604568792320857,469167,10.516517846973827,52393,1416.027027027027,12970.27027027027,41.189189189189186,94.4467126500538,29.95302912341939,62.0
WH092,New York,3321,3652,2,3,13,35784,S732,Groceries,5103,4.477332416282261,2.1764645136961898,1.1381962998363102,40555,2353,10115,246,41,66,7.477332416282261,77.31818181818181,0.000877392203856998,-1451,Shortage,0.08188879299716434,Very Low,1.5365853658536586,Healthy,0.012345679012345678,-1451,Under-Forecast,1.397316538882804,Overperforming,Unmet Demand Zone,12468,255150,0.9393013207239523,242682,5.856643057812561,23316,353.27272727272725,3865.909090909091,50.31818181818182,50.21479210806673,65.27165992052218,58.0
WH071,San Francisco,4475,1326,9,5,22,30531,S476,Groceries,7782,2.0431498753827317,7.200827417456162,4.635351573041575,12303,9088,6130,241,32,61,7.043149875382731,127.57377049180327,0.0002625481721129185,-6456,Overstock,0.3637324229862635,Moderate,1.7389944134078212,Healthy,0.007150837988826816,-6456,Under-Forecast,5.868778280542986,Highly Overperforming,Under-Forecast Zone,15218,389100,0.9608892315600103,373882,10.962393476633498,15313,251.0327868852459,6378.688524590164,73.36065573770492,76.57681994610529,87.95262816752084,82.0
WH495,Seattle,3126,520,5,5,20,59269,S917,Electronics,1557,1.658260791675004,3.086744736852345,4.662813325656334,21943,2075,1571,48,30,12,6.658260791675004,129.75,0.001065035832803471,-1037,Overstock,0.14246001002597639,Low,0.4980806142034549,Dead Stock,0.009596928982725527,-1037,Under-Forecast,2.9942307692307693,Highly Overperforming,Low Demand Zone,3646,77850,0.9192944369063772,74204,8.92890249975052,55623,4635.25,6487.5,260.5,15.321268138792847,61.43908729646261,38.0
WH455,Chicago,1129,2613,9,5,19,46628,S596,Groceries,5385,2.9072919739739103,6.016837386795516,4.345494711192886,27025,2517,11960,192,40,41,7.90729197397391,131.34146341463415,0.0005398870889459443,-2772,Shortage,0.04177613320999075,Very Low,4.769707705934455,Fast Moving,0.0354295837023915,-2772,Under-Forecast,2.060849598163031,Highly Overperforming,Under-Forecast Zone,14477,269250,0.9024065087068227,254773,9.415680091149373,32151,784.170731707317,6567.073170731707,27.536585365853657,52.989742406807636,22.18961278237565,38.0
WH143,Seattle,3330,3718,6,1,8,30780,S217,Apparel,4788,4.650512731114936,8.712734323507698,2.429280203767348,24801,15966,14405,135,29,33,5.650512731114936,145.0909090909091,0.0009712850315611812,-1070,Shortage,0.1342687794846982,Low,1.4378378378378378,Healthy,0.008708708708708709,-1070,Under-Forecast,1.2877891339429801,Overperforming,Unmet Demand Zone,30371,239400,0.8731370091896408,209029,5.816432909664922,409,12.393939393939394,7254.545454545455,100.9090909090909,47.11511358287743,65.44854788778646,56.0
WH352,Los Angeles,1002,5141,10,7,10,70630,S761,Apparel,2300,3.4169198021955745,4.647341242025611,1.7749834249233114,22089,5249,3224,270,23,8,10.416919802195574,287.5,0.0014856173053024236,2841,Shortage,0.0453619448594323,Very Low,2.2954091816367264,Fast Moving,0.022954091816367265,2841,Overestimate (Unmet Demand),0.44738377747519936,Underperforming,Unmet Demand Zone,8473,115000,0.9263217391304348,106527,5.401088600152593,62157,7769.625,14375.0,125.25,22.63257335852508,19.693527022090702,21.0
WH407,New York,2469,4680,2,4,10,69104,S878,Apparel,1013,1.087899763567768,3.241580554600921,4.480384062067176,14179,4889,4214,4,29,6,5.087899763567768,168.83333333333334,0.0010739385622584089,3667,Shortage,0.17413075675294448,Low,0.41028756581611986,Dead Stock,0.011745646010530578,3667,Overestimate (Unmet Demand),0.21645299145299146,Underperforming,Unmet Demand Zone,9103,50650,0.8202764067127345,41547,4.975997860183436,60001,10000.166666666666,8441.666666666666,411.5,9.96817252703735,48.5262656861696,29.0
WH375,New York,2332,2569,7,3,15,81666,S341,Apparel,8226,2.315601177303529,2.0233576566241176,4.12356527936608,45665,7809,1742,4,39,32,5.315601177303529,257.0625,0.0002814978333702321,-5657,Shortage,0.05106755721011716,Very Low,3.5274442538593482,Fast Moving,0.01672384219554031,-5657,Under-Forecast,3.202024133904243,Highly Overperforming,Under-Forecast Zone,9551,411300,0.9751006245662734,401749,6.612024449645897,72115,2253.59375,12853.125,72.875,80.94589062922927,45.83363774003545,63.0
WH467,Denver,537,3634,2,2,10,39505,S122,Electronics,4624,3.623702192060189,5.861226197856312,3.484430541555644,33050,6424,6198,97,42,19,5.623702192060189,243.3684210526316,0.0007836726193901792,-990,Shortage,0.016248108925869895,Very Low,8.610800744878958,Very Fast,0.0782122905027933,-990,Under-Forecast,1.2724270776004403,Overperforming,Unmet Demand Zone,12622,231200,0.9454065743944636,218578,5.781831546507732,26883,1414.8947368421052,12168.421052631578,28.263157894736842,45.501312699921726,10.554315380102501,28.0
WH473,Miami,3522,717,10,2,5,35991,S384,Electronics,8818,3.9700401450092255,3.829251193805367,1.4820860950556232,47108,2831,5140,173,9,73,5.970040145009225,120.79452054794521,0.0004502200209808602,-8101,Overstock,0.07476437123206249,Very Low,2.5036910846110163,Fast Moving,0.002555366269165247,-8101,Under-Forecast,12.298465829846583,Highly Overperforming,Under-Forecast Zone,7971,440900,0.9613438368860056,432929,3.1495419680223598,28020,383.83561643835617,6039.726027397261,48.24657534246575,86.7713182067279,69.22215785609127,78.0
WH215,Seattle,3895,4812,3,2,14,63807,S552,Apparel,4196,0.6195094012050075,4.367563067424154,3.780710453353529,18812,5326,5936,205,34,53,2.6195094012050077,79.16981132075472,0.00014764285062083114,616,Shortage,0.2070486923240485,Low,1.0772785622593068,Healthy,0.008729139922978177,616,Overestimate (Unmet Demand),0.8719866999168745,Underperforming,Unmet Demand Zone,11262,209800,0.9463203050524309,198538,6.91288766220414,52545,991.4150943396227,3958.490566037736,73.49056603773585,41.2896860053788,76.55318138826675,59.0
WH022,Dallas,785,3253,5,7,10,48656,S464,Electronics,6067,3.0426787103310997,2.060185937566297,1.0629043985834232,12450,2415,6527,135,16,76,10.0426787103311,79.82894736842105,0.0005015128911045162,-2814,Shortage,0.06305220883534136,Very Low,7.728662420382165,Very Fast,0.02038216560509554,-2814,Under-Forecast,1.8650476483246234,Overperforming,Future Demand Zone,8942,303350,0.9631951837769328,294408,4.624170430951417,39714,522.5526315789474,3991.4473684210525,10.328947368421053,59.700792420074634,15.428561589162875,38.0
WH134,Seattle,582,979,4,7,13,78161,S828,Furniture,1756,3.2172569177105705,3.635471460942641,1.9516447664812293,33854,15544,11418,300,47,16,10.217256917710571,109.75,0.0018321508642998694,-777,Shortage,0.017191469250310155,Very Low,3.0171821305841924,Fast Moving,0.08075601374570447,-777,Under-Forecast,1.7936670071501533,Overperforming,Low Demand Zone,26962,87800,0.6929157175398634,60838,6.3148682424065035,51199,3199.9375,5487.5,36.375,17.279477746769583,11.43875521642394,14.0
WH438,Chicago,608,5117,6,5,21,37319,S185,Furniture,7939,4.3680713289495285,8.973498263101218,1.9362130148065209,26143,12294,9850,64,4,36,9.36807132894953,220.52777777777777,0.0005502042233215176,-2822,Shortage,0.02325670351528134,Very Low,13.057565789473685,Very Fast,0.006578947368421052,-2822,Under-Forecast,1.5514950166112957,Overperforming,Future Demand Zone,22144,396950,0.9204377504080724,374806,11.094023163140893,15175,421.52777777777777,11026.388888888889,16.88888888888889,78.12173908405678,11.949764899631884,45.0
WH061,San Francisco,4667,1194,6,6,23,33599,S809,Apparel,4822,1.892186972119572,2.9822372820043523,2.7176389707837774,30124,12415,13679,41,11,77,7.892186972119572,62.62337662337662,0.0003924070867108196,-3628,Overstock,0.15492630460762183,Low,1.0332119134347546,Healthy,0.0023569745018212985,-3628,Under-Forecast,4.038525963149079,Highly Overperforming,Low Demand Zone,26094,241100,0.8917710493571133,215006,10.095378276951854,7505,97.46753246753246,3131.1688311688313,60.61038961038961,47.44968205861215,91.72623813582565,70.0
WH218,Dallas,1856,4009,7,6,15,72564,S626,Electronics,6460,4.11582369181487,9.140685299667108,2.251087954624712,23518,3828,8048,206,7,70,10.115823691814871,92.28571428571429,0.0006371244104976579,-2451,Shortage,0.07891827536355132,Very Low,3.480603448275862,Fast Moving,0.003771551724137931,-2451,Under-Forecast,1.6113744075829384,Overperforming,Future Demand Zone,11876,323000,0.9632321981424149,311124,8.743337055417374,60688,866.9714285714285,4614.285714285715,26.514285714285716,63.56801038959653,36.478229693613116,50.0
WH090,Dallas,4959,1521,2,5,13,46931,S279,Apparel,7214,4.843627663625632,2.603456530374517,4.783974743209994,38363,1270,2087,189,41,41,9.843627663625632,175.9512195121951,0.0006714205244837306,-5693,Overstock,0.12926517738445897,Low,1.4547287759628957,Healthy,0.008267795926598105,-5693,Under-Forecast,4.74293228139382,Highly Overperforming,Under-Forecast Zone,3357,360700,0.9199006269963327,357343,5.983517297890335,43574,1062.780487804878,8797.560975609756,120.95121951219512,70.98755835147823,97.46526996262254,84.0
WH072,San Francisco,848,4086,2,1,10,87409,S654,Furniture,5154,3.090093373310558,8.46437914862742,4.799813230278059,45161,1335,5088,161,7,66,4.090093373310558,78.0909090909091,0.0005995524589271552,-1068,Shortage,0.018777263568122936,Very Low,6.077830188679245,Very Fast,0.008254716981132075,-1068,Under-Forecast,1.261380323054332,Overperforming,Unmet Demand Zone,6423,257700,0.9750756693830035,251277,6.541790159682566,80986,1227.060606060606,3904.5454545454545,12.848484848484848,50.71664482166881,16.66677736001289,34.0
WH093,Miami,1650,717,4,5,25,85842,S411,Automotive,1304,1.1906486437380377,4.341636366043159,4.695957923681192,45743,13382,7065,184,27,57,6.1906486437380375,22.87719298245614,0.0009130741132960412,-587,Overstock,0.036071092844806855,Very Low,0.7903030303030303,Slow Moving,0.016363636363636365,-587,Under-Forecast,1.8186889818688983,Overperforming,Low Demand Zone,20447,65200,0.927279463430214,44753,11.307400000722039,65395,1147.280701754386,1143.859649122807,28.94736842105263,12.831685069355089,32.42946066511942,23.0
WH086,Chicago,895,3524,7,2,24,51690,S605,Groceries,2495,1.460569846604182,4.375871675292584,4.700998194407476,21951,6527,5896,64,43,17,3.460569846604182,146.76470588235293,0.0005853987361139006,1029,Shortage,0.04077262994852171,Very Low,2.787709497206704,Fast Moving,0.048044692737430165,1029,Overestimate (Unmet Demand),0.7080022701475596,Underperforming,Unmet Demand Zone,12423,124750,0.8742857142857143,112327,10.927174910409006,39267,2309.823529411765,7338.235294117647,52.64705882352941,24.551421969356554,17.59052563350417,21.0
WH057,Los Angeles,4390,486,8,2,6,72677,S862,Apparel,2700,3.7424212437962434,9.761130561703329,1.2243711340241332,42370,3080,14988,80,0,56,5.742421243796244,48.214285714285715,0.0013860819421467568,-2214,Overstock,0.10361104555109747,Low,0.6150341685649203,Slow Moving,0.0,-2214,Under-Forecast,5.555555555555555,Highly Overperforming,Low Demand Zone,18068,135000,0.8781537530266343,116932,5.328339168510999,54609,975.1607142857143,2410.714285714286,78.39285714285714,26.56867307305118,86.28201958780258,56.0
WH087,Houston,1254,5127,2,4,5,96514,S240,Apparel,5073,4.686429202367436,6.303297317944929,3.238542676133766,12956,16289,544,218,34,86,8.686429202367435,58.98837209302326,0.0009237983840661219,54,Shortage,0.0967891324482865,Very Low,4.045454545454546,Fast Moving,0.02711323763955343,54,Overestimate (Unmet Demand),0.9894675248683441,Slightly Under,Unmet Demand Zone,16833,253650,0.9336369012418687,236817,3.8991231666753445,79681,926.5232558139535,2949.4186046511627,14.581395348837209,49.91958462947728,24.64639010549076,37.0
WH486,Seattle,1097,4224,8,3,15,43503,S577,Electronics,2499,1.5120546822655108,4.238004917002321,4.108061923363723,38300,10261,11559,296,7,25,4.512054682265511,99.96,0.0006050638984655905,1725,Shortage,0.028642297650130547,Very Low,2.2780309936189607,Fast Moving,0.006381039197812215,1725,Overestimate (Unmet Demand),0.5916193181818182,Underperforming,Unmet Demand Zone,21820,124950,0.8548814570576229,103130,7.27331578686004,21683,867.32,4998.0,43.88,24.590782966501816,21.560677787658182,23.0
WH330,Houston,4556,3161,3,3,5,51674,S612,Automotive,5683,0.5789697414383912,9.352032489334496,2.015312515293903,48929,3405,14853,112,6,12,3.5789697414383914,473.5833333333333,0.00010187748397648974,-2522,Overstock,0.09311451286558074,Very Low,1.2473661106233538,Healthy,0.0013169446883230904,-2522,Under-Forecast,1.797848782031003,Overperforming,Future Demand Zone,18258,284150,0.9440259332845341,265892,4.806004830206845,33416,2784.6666666666665,23679.166666666668,379.6666666666667,55.92213669412958,89.54461987289943,73.0
WH343,New York,1620,3290,10,7,25,69993,S981,Apparel,2072,1.309214914599382,0.6475678200447512,2.110521389288295,39214,8105,10630,29,23,10,8.309214914599382,207.2,0.0006318604800190068,1218,Shortage,0.041311776406385475,Very Low,1.2790123456790123,Healthy,0.014197530864197531,1218,Overestimate (Unmet Demand),0.6297872340425532,Underperforming,Unmet Demand Zone,18735,103600,0.8526119402985075,84865,10.198529605272684,51258,5125.8,10360.0,162.0,20.388996521245204,31.839834107571793,26.0
WH480,Atlanta,2264,2633,3,3,15,97185,S534,Apparel,8627,2.4795920831418825,5.766895804682164,2.6638952180789683,16832,16744,7311,190,38,90,5.479592083141883,95.85555555555555,0.00028742228852925497,-5994,Shortage,0.13450570342205323,Low,3.810512367491166,Fast Moving,0.01678445229681979,-5994,Under-Forecast,3.2764906950246866,Highly Overperforming,Under-Forecast Zone,24055,431350,0.9380032206119162,407295,7.735104077093695,73130,812.5555555555555,4792.777777777777,25.155555555555555,84.89183059304168,44.497150876260825,65.0
WH466,Atlanta,4416,2857,8,7,6,45999,S310,Groceries,5491,3.545752325068607,3.666495476813265,2.8741854161154863,21769,16669,2443,87,10,11,10.545752325068607,499.1818181818182,0.0006457389045836108,-2634,Overstock,0.2028572741053792,Low,1.2434329710144927,Healthy,0.0022644927536231885,-2634,Under-Forecast,1.9219460973048652,Overperforming,Under-Forecast Zone,19112,274550,0.9443958150307483,255438,3.5006279908700666,26887,2444.2727272727275,24959.090909090908,401.45454545454544,54.03280883115705,86.79302927101052,70.0
WH349,Miami,1894,1961,5,2,6,96163,S533,Automotive,8297,3.9684454740861983,8.442895538807871,2.5893544601977214,45430,18999,14529,76,30,35,5.968445474086199,237.05714285714285,0.0004782988398320114,-6336,Shortage,0.04169051287695356,Very Low,4.380675818373812,Fast Moving,0.01583949313621964,-6336,Under-Forecast,4.231004589495155,Highly Overperforming,Under-Forecast Zone,33528,414850,0.9037658017298736,381322,4.937620509583227,62635,1789.5714285714287,11852.857142857143,54.114285714285714,81.64454832855765,37.22508999984011,59.0
WH168,Atlanta,1294,2072,3,5,25,85680,S717,Furniture,9674,2.0075127876357137,5.766948966364248,3.037074295955508,22010,14540,12286,105,13,5,7.007512787635713,1934.8,0.00020751631048539527,-7602,Shortage,0.058791458427987275,Very Low,7.476043276661515,Very Fast,0.010046367851622875,-7602,Under-Forecast,4.668918918918919,Highly Overperforming,Under-Forecast Zone,26826,483700,0.9445400041347943,456874,11.73309860026476,58854,11770.8,96740.0,258.8,95.19457159581376,25.43255884888759,60.0
WH449,Seattle,2484,2155,3,7,11,92559,S837,Apparel,2049,4.440275801350015,7.634356345622499,4.566869375463301,24642,3168,11699,300,1,98,11.440275801350015,20.908163265306122,0.0021670452910444193,106,Overstock,0.10080350620891161,Low,0.8248792270531401,Slow Moving,0.00040257648953301127,106,Overestimate (Unmet Demand),0.9508120649651972,Slightly Under,Low Demand Zone,14867,102450,0.8548853099072719,87583,6.69042767663361,77692,792.7755102040817,1045.408163265306,25.346938775510203,20.162670787659952,48.82107896494342,34.0
WH211,Dallas,589,5164,6,3,24,64458,S981,Automotive,7324,1.9953298236293704,2.413013146358015,3.6766742432836,48033,6373,6467,277,2,88,4.995329823629371,83.22727272727273,0.0002724371687096355,-2160,Shortage,0.012262402931318053,Very Low,12.434634974533108,Very Fast,0.003395585738539898,-2160,Under-Forecast,1.418280402788536,Overperforming,Future Demand Zone,12840,366200,0.9458658959537573,353360,10.324922619628968,51618,586.5681818181819,4161.363636363636,6.693181818181818,72.06998577297291,11.576334746518386,42.0
WH049,San Francisco,2807,4166,3,6,16,56895,S141,Apparel,6136,1.7862279254050557,1.4452091263903597,1.3945165996851436,46738,10655,6239,68,8,67,7.786227925405056,91.58208955223881,0.00029110624599169746,-1970,Shortage,0.06005819675638666,Very Low,2.185963662272889,Fast Moving,0.0028500178126113287,-1970,Under-Forecast,1.472875660105617,Overperforming,Future Demand Zone,16894,306800,0.9521158705701078,289906,6.834417743260892,40001,597.0298507462686,4579.104477611941,41.8955223880597,60.37976962083039,55.16939156787286,58.0
WH102,Los Angeles,2194,2077,10,1,17,55474,S337,Apparel,5565,2.2677256463049966,3.172775246105989,1.413834814808173,22467,13135,14564,62,25,17,3.2677256463049966,327.3529411764706,0.0004074978699559742,-3488,Overstock,0.09765433747273779,Very Low,2.5364630811303557,Fast Moving,0.011394712853236098,-3488,Under-Forecast,2.6793452094366876,Highly Overperforming,Under-Forecast Zone,27699,278250,0.93521373661901,250551,7.755250987687768,27775,1633.8235294117646,16367.64705882353,129.05882352941177,54.76098727834438,43.121355575316365,49.0
WH091,Atlanta,2669,5200,10,3,5,82513,S860,Electronics,6850,2.0111259620637467,4.772863750725092,3.537690872459531,23036,13529,12864,146,33,77,5.011125962063747,88.96103896103897,0.0002935950309582112,-1650,Shortage,0.11586212884181281,Low,2.5665043087298614,Fast Moving,0.012364181341326339,-1650,Under-Forecast,1.3173076923076923,Overperforming,Future Demand Zone,26393,342500,0.9229401459854014,316107,3.4355683796199252,56120,728.8311688311688,4448.051948051948,34.66233766233766,67.40570761125947,52.45710940315377,60.0
WH239,San Francisco,1404,3278,4,3,16,72802,S679,Apparel,3125,4.222071916503779,1.260143677186893,2.197666032903029,35073,5339,9222,241,25,69,7.222071916503779,45.289855072463766,0.0013510630132812093,153,Shortage,0.04003079291762895,Very Low,2.2257834757834756,Fast Moving,0.017806267806267807,153,Overestimate (Unmet Demand),0.9533251982916412,Slightly Under,Unmet Demand Zone,14561,156250,0.9330101626016261,141689,6.783384983497949,58241,844.072463768116,2264.4927536231885,20.347826086956523,30.750779019735162,27.594522893228888,29.0
WH060,Chicago,3911,1299,7,5,17,37255,S713,Automotive,9317,3.364371644703908,3.772187106759153,4.613700045934266,18379,5090,5452,224,37,82,8.364371644703908,113.6219512195122,0.00036110031605709005,-8018,Overstock,0.21279721421187225,Low,2.3822551777039123,Fast Moving,0.009460496036819227,-8018,Under-Forecast,7.172440338722094,Highly Overperforming,Under-Forecast Zone,10542,465850,0.9634604891115631,455308,7.934494280838792,26713,325.7682926829268,5681.09756097561,47.69512195121951,91.6816026005992,76.86764888562548,84.0
WH491,Houston,566,4274,3,7,22,41020,S248,Groceries,9864,2.276965730746429,3.072119392038203,4.577625185933068,28078,14358,9193,198,11,58,9.27696573074643,170.06896551724137,0.00023083594188426894,-5590,Shortage,0.020158130921005768,Very Low,17.42756183745583,Very Fast,0.019434628975265017,-5590,Under-Forecast,2.3079082826392137,Highly Overperforming,Future Demand Zone,23551,493200,0.9422021419009371,469649,9.727466206304042,17469,301.1896551724138,8503.448275862069,9.758620689655173,97.06421896021365,11.124287719065206,54.0
WH199,Atlanta,2677,3594,9,5,9,93093,S319,Electronics,7549,0.8673231125879557,8.895301460945184,2.8133227921891293,47231,8493,3125,201,9,16,5.867323112587956,471.8125,0.00011489245099853699,-3955,Shortage,0.056678876161842855,Very Low,2.8199477026522226,Fast Moving,0.0033619723571161747,-3955,Under-Forecast,2.100445186421814,Highly Overperforming,Future Demand Zone,11618,377450,0.9756816584680253,365832,6.269599029990689,81475,5092.1875,23590.625,167.3125,74.28404186239383,52.61434315183314,63.0
WH092,Miami,1330,1433,9,7,15,57086,S138,Furniture,2447,4.364866507776807,0.9251953826511096,2.669654185377416,41005,7917,13814,255,13,95,11.364866507776807,25.757894736842104,0.00178376236525411,-1014,Shortage,0.032435068894037314,Very Low,1.8398496240601503,Healthy,0.009774436090225564,-1014,Under-Forecast,1.707606420097697,Overperforming,Low Demand Zone,21731,122350,0.9393013207239523,100619,6.2804909456224,35355,372.1578947368421,1287.8947368421052,14.0,24.079090003613423,26.140110717944744,25.0
WH401,Seattle,3759,1018,3,3,17,60495,S810,Apparel,6247,4.65542398089618,9.67690660136815,1.7528227091073534,41287,4925,11217,124,40,98,7.65542398089618,63.744897959183675,0.0007452255452050873,-5229,Overstock,0.09104560757623464,Very Low,1.661878159084863,Healthy,0.010641127959563713,-5229,Under-Forecast,6.136542239685658,Highly Overperforming,Under-Forecast Zone,16142,312350,0.8983982202447164,296208,9.706264318798315,44353,452.5816326530612,3187.2448979591836,38.357142857142854,61.47203729161138,73.88020766071752,68.0
WH440,San Francisco,3296,3925,2,5,14,31611,S429,Groceries,4216,4.15079855920052,1.6063667169165947,3.815167434066968,34858,2509,2403,159,45,40,9.15079855920052,105.4,0.000984534762618719,-291,Shortage,0.09455505192495267,Very Low,1.279126213592233,Healthy,0.013652912621359222,-291,Under-Forecast,1.074140127388535,Accurate,Unmet Demand Zone,4912,210800,0.9512001648295045,205888,6.086005888861387,26699,667.475,5270.0,82.4,41.4864909911051,64.78030445589916,53.0
WH269,Miami,1573,2459,5,6,6,44851,S863,Apparel,5249,0.5602358603914286,9.400063276128268,4.991261774355099,35387,17511,14135,249,22,69,6.560235860391429,76.07246376811594,0.00010673192234548077,-2790,Shortage,0.044451352191482746,Very Low,3.336935791481246,Fast Moving,0.013986013986013986,-2790,Under-Forecast,2.134607564050427,Highly Overperforming,Under-Forecast Zone,31646,262450,0.9071733757062147,230804,5.224214787034285,13205,191.3768115942029,3803.623188405797,22.797101449275363,51.651468503868756,30.916085834080512,41.0
WH280,San Francisco,3364,3219,10,3,9,72445,S396,Furniture,7808,1.6673385816493742,0.7261309960621802,4.620090024836683,11340,16014,5555,150,17,70,4.667338581649374,111.54285714285714,0.00021354233883829075,-4589,Overstock,0.2966490299823633,Moderate,2.3210463733650415,Fast Moving,0.005053507728894174,-4589,Under-Forecast,2.4255980118049085,Highly Overperforming,Future Demand Zone,21569,390400,0.9447515368852459,368831,3.819355351137322,50876,726.8,5577.142857142857,48.05714285714286,76.83266642754948,66.11679131967378,71.0
WH224,New York,2460,509,4,1,18,51625,S634,Automotive,5160,3.225959290317888,3.45230173708965,1.7727720618081642,25172,19245,13942,247,25,15,4.225959290317888,344.0,0.0006251859089763348,-4651,Overstock,0.09772763387891308,Very Low,2.097560975609756,Fast Moving,0.01016260162601626,-4651,Under-Forecast,10.137524557956779,Highly Overperforming,Low Demand Zone,33187,258000,0.8713682170542636,224813,8.2387393016147,18438,1229.2,17200.0,164.0,50.7756863173867,48.349377718905316,50.0
WH195,New York,833,3175,4,3,6,95174,S346,Apparel,5369,1.6119419454824,6.910683212213677,2.753405881554688,46936,11659,13600,20,29,35,4.6119419454824,153.4,0.0003002313178398957,-2194,Shortage,0.017747571160729503,Very Low,6.445378151260504,Very Fast,0.03481392557022809,-2194,Under-Forecast,1.691023622047244,Overperforming,Future Demand Zone,25259,268450,0.9318633418417436,243191,4.483649141335173,69915,1997.5714285714287,7670.0,23.8,52.83229841822659,16.371964081239078,35.0
WH242,Atlanta,3010,1765,2,1,18,34994,S136,Furniture,7756,1.434040342082321,1.834622098138203,1.9091509355393868,47303,14519,9948,245,45,47,2.434040342082321,165.0212765957447,0.00018489431950519867,-5991,Overstock,0.06363232775933873,Very Low,2.5767441860465117,Fast Moving,0.014950166112956811,-5991,Under-Forecast,4.394334277620397,Highly Overperforming,Under-Forecast Zone,24467,387800,0.9217396350506157,363333,7.7548716792753485,10527,223.9787234042553,8251.063829787234,64.04255319148936,76.3209734646611,59.15919794061179,68.0
WH375,Denver,4991,3810,7,3,15,89876,S372,Automotive,7625,1.3308846758695665,5.397408371929328,2.2802815929964684,11753,1898,8285,120,49,52,4.330884675869567,146.6346153846154,0.0001745422525730579,-3815,Overstock,0.4246575342465753,High,1.5277499499098377,Healthy,0.009817671809256662,-3815,Under-Forecast,2.0013123359580054,Highly Overperforming,Future Demand Zone,10183,381250,0.9751006245662734,371067,7.6221678131215755,79693,1532.5576923076924,7331.7307692307695,95.98076923076923,75.0319008081538,98.09420495734001,87.0
WH099,Miami,4998,1200,9,7,16,64791,S411,Furniture,6075,0.7599949341679718,5.714418204789014,3.8622821979780886,35815,2792,11106,256,47,78,7.759994934167972,77.88461538461539,0.00012510204677662086,-4875,Overstock,0.13955046768113918,Low,1.215486194477791,Healthy,0.009403761504601841,-4875,Under-Forecast,5.0625,Highly Overperforming,Under-Forecast Zone,13898,303750,0.9513029650148763,289852,8.117146589888085,50893,652.474358974359,3894.230769230769,64.07692307692308,59.77951441436516,98.23178448743445,79.0
WH216,New York,2492,2973,9,5,23,47857,S201,Apparel,2441,2.63488505525635,8.661110256453718,1.2204706686611209,49704,8597,676,283,36,65,7.634885055256349,37.55384615384615,0.001079428535541315,532,Shortage,0.050136809914695,Very Low,0.9795345104333868,Slow Moving,0.014446227929373997,532,Overestimate (Unmet Demand),0.8210561722166162,Underperforming,Low Demand Zone,9273,122050,0.9240229414174519,112777,11.802666945314927,38584,593.6,1877.6923076923076,38.33846153846154,24.02004850789553,48.978312713622785,36.0
WH187,Atlanta,1298,4148,10,5,10,70464,S684,Apparel,2619,3.154068570288584,4.966517084092609,4.654195346188171,20213,10252,6489,24,8,27,8.154068570288583,97.0,0.001204302623248791,1529,Shortage,0.06421609855043783,Very Low,2.0177195685670264,Fast Moving,0.0061633281972265025,1529,Overestimate (Unmet Demand),0.6313886210221794,Underperforming,Unmet Demand Zone,16741,130950,0.939633220910624,114209,5.491804123686951,53723,1989.7407407407406,4850.0,48.074074074074076,25.771612880859646,25.511175723227275,26.0
WH434,New York,3535,4561,8,7,19,66003,S677,Electronics,9752,4.76460263830698,6.96512693399273,2.899379271822176,27446,4070,2268,6,33,27,11.764602638306979,361.18518518518516,0.0004885769727550225,-5191,Shortage,0.12879836770385483,Low,2.7586987270155587,Fast Moving,0.009335219236209336,-5191,Under-Forecast,2.1381276035957026,Highly Overperforming,Future Demand Zone,6338,487600,0.964823048761076,481262,9.692338645968682,59665,2209.814814814815,18059.25925925926,130.92592592592592,95.96211104014634,69.47766269769524,83.0
WH388,Dallas,2595,4478,8,2,23,36726,S813,Electronics,7212,2.7293604007666152,3.876420576860777,1.2275020596344786,13371,5624,6640,166,27,60,4.729360400766615,120.2,0.00037844708829265326,-2734,Shortage,0.19407673322862912,Low,2.779190751445087,Fast Moving,0.010404624277456647,-2734,Under-Forecast,1.6105404198302813,Overperforming,Future Demand Zone,12264,360600,0.9313844242565417,348336,10.366047560341471,24462,407.7,6010.0,43.25,70.9678778529056,51.00269722786963,61.0
WH044,Miami,1697,3299,4,5,17,87372,S501,Groceries,8936,2.577018869781421,4.131810748080127,1.6380197741513682,44716,6489,14212,47,31,30,7.577018869781421,297.8666666666667,0.0002883861761169898,-5637,Shortage,0.03795062170140442,Very Low,5.265763111373011,Very Fast,0.018267530936947555,-5637,Under-Forecast,2.7086996059411943,Highly Overperforming,Future Demand Zone,20701,446800,0.9536683079677708,426099,8.045023483705123,66671,2222.366666666667,14893.333333333334,56.56666666666667,87.93246762251309,33.3532089386107,61.0
WH471,Chicago,1312,3307,6,5,24,96271,S136,Groceries,1605,0.6949267186102566,7.58836927118285,3.4228998663148102,43037,11793,3716,73,18,93,5.694926718610256,17.258064516129032,0.0004329761486668265,1702,Shortage,0.03048539628691591,Very Low,1.2233231707317074,Healthy,0.013719512195121951,1702,Overestimate (Unmet Demand),0.4853341397036589,Underperforming,Unmet Demand Zone,15509,80250,0.8067491895078102,64741,11.880626635013392,80762,868.4086021505376,862.9032258064516,14.10752688172043,15.79360010453598,25.78633478341617,21.0
WH162,Seattle,1443,1157,4,4,18,76947,S109,Automotive,3327,0.9871784414898837,6.9040491815699525,1.2630262633084492,23449,18784,11728,259,20,38,4.987178441489884,87.55263157894737,0.00029671729530805036,-2170,Overstock,0.061537805450125806,Very Low,2.3056133056133055,Fast Moving,0.01386001386001386,-2170,Under-Forecast,2.8755401901469315,Highly Overperforming,Low Demand Zone,30512,166350,0.9074704671074022,135838,9.27537275862899,46435,1221.9736842105262,4377.631578947368,37.973684210526315,32.73850937557084,28.3610374180408,31.0
WH197,Seattle,3327,3799,9,4,13,34130,S309,Furniture,1450,3.444852049172327,3.583126697212627,3.350975261523341,28103,10754,1809,36,5,30,7.444852049172328,48.333333333333336,0.00237576003391195,2349,Shortage,0.11838593744440096,Low,0.43582807333934476,Dead Stock,0.0015028554253080854,2349,Overestimate (Unmet Demand),0.3816793893129771,Underperforming,Unmet Demand Zone,12563,72500,0.8267172413793104,59937,6.275388865791381,21567,718.9,2416.6666666666665,110.9,14.268361465157115,65.3895852320317,40.0
WH007,Miami,3165,4971,9,4,16,98563,S312,Electronics,7138,3.3058634955427797,1.505462166658272,4.480919463682463,17714,15161,13676,38,37,46,7.30586349554278,155.17391304347825,0.0004631358217347688,-2167,Shortage,0.17867223664897822,Low,2.255292259083728,Fast Moving,0.011690363349131122,-2167,Under-Forecast,1.435928384630859,Overperforming,Future Demand Zone,28837,356900,0.9411152965507054,328063,6.855145759002221,69726,1515.7826086956522,7758.695652173913,68.80434782608695,70.23969940571827,62.20560182127452,66.0
WH124,New York,1340,2971,6,7,25,79393,S819,Automotive,5874,1.0570412297597962,7.417042138817403,3.9577519642036014,33504,9168,1607,140,20,12,8.057041229759797,489.5,0.0001799525416683344,-2903,Shortage,0.03999522445081184,Very Low,4.383582089552239,Fast Moving,0.014925373134328358,-2903,Under-Forecast,1.977112083473578,Overperforming,Under-Forecast Zone,10775,293700,0.9506459513240472,282925,12.22959025358552,68618,5718.166666666667,24475.0,111.66666666666667,57.80162430781579,26.336652903793954,42.0
WH343,Denver,857,4872,7,3,21,66122,S771,Apparel,1948,0.9136875618552618,6.179871076910098,1.1370676051536948,33036,2440,8450,82,27,44,3.913687561855262,44.27272727272727,0.0004690387894534198,2924,Shortage,0.025941397263591234,Very Low,2.2730455075845972,Fast Moving,0.03150525087514586,2924,Overestimate (Unmet Demand),0.39983579638752054,Underperforming,Unmet Demand Zone,10890,97400,0.8526119402985075,86510,10.263412898335574,55232,1255.2727272727273,2213.6363636363635,19.477272727272727,19.168805609742112,16.843665327277176,18.0
WH466,San Francisco,2791,3728,10,5,6,53951,S211,Groceries,4632,2.9815658082738885,0.8859390721709488,1.6189229337661954,49896,7065,557,2,26,43,7.9815658082738885,107.72093023255815,0.0006436886460004077,-904,Shortage,0.05593634760301427,Very Low,1.6596202078108204,Healthy,0.009315657470440702,-904,Under-Forecast,1.242489270386266,Overperforming,Unmet Demand Zone,7622,231600,0.9443958150307483,223978,2.668576418892417,46329,1077.4186046511627,5386.046511627907,64.90697674418605,45.58003469421225,54.85492407051412,50.0
WH127,Miami,2334,5100,7,4,6,77838,S347,Electronics,9465,4.293963591620115,4.299181282408586,1.4437609885294598,30756,13127,1215,125,44,100,8.293963591620116,94.65,0.0004536675743919826,-4365,Shortage,0.0758876316816231,Very Low,4.0552699228791775,Fast Moving,0.018851756640959727,-4365,Under-Forecast,1.8558823529411765,Overperforming,Future Demand Zone,14342,473250,0.9696946645536186,458908,3.695409911714864,63496,634.96,4732.5,23.34,93.13795949497386,45.872946177205286,70.0
WH156,Los Angeles,2798,1481,6,4,23,30568,S920,Apparel,8115,4.894737957476656,6.806793111677761,2.3380466708028083,22257,1110,5314,292,10,81,8.894737957476657,100.18518518518519,0.0006031716521844308,-6634,Overstock,0.12571325875005615,Low,2.900285918513224,Fast Moving,0.0035739814152966403,-6634,Under-Forecast,5.479405806887239,Highly Overperforming,Under-Forecast Zone,6424,405750,0.9841675908810844,399326,11.243110127927919,24144,298.0740740740741,5009.259259259259,34.54320987654321,79.85362295844827,54.992503600608565,67.0
WH079,Chicago,4813,2247,6,7,14,58707,S491,Apparel,7205,4.197616818738573,4.566706750953509,3.768307775122011,30328,11105,3728,206,48,40,11.197616818738574,180.125,0.0005825977541621892,-4958,Overstock,0.1586982326562912,Low,1.4969873259921047,Healthy,0.00997298981923956,-4958,Under-Forecast,3.2064975522919448,Highly Overperforming,Under-Forecast Zone,14833,360250,0.9288195336882688,345417,6.9730039222318245,43874,1096.85,9006.25,120.325,70.8989961079014,94.5957540492241,83.0
WH022,Houston,2651,4180,6,1,5,40114,S571,Groceries,9713,1.7433399483828371,2.575204869333072,2.188437890527302,26441,16376,3721,216,37,83,2.743339948382837,117.02409638554217,0.00017948522067155742,-5533,Shortage,0.10026095836012254,Low,3.663900414937759,Fast Moving,0.013956997359486986,-5533,Under-Forecast,2.3236842105263156,Highly Overperforming,Future Demand Zone,20097,485650,0.9631951837769328,465553,2.7767485600077673,20017,241.16867469879517,5851.204819277108,31.93975903614458,95.57834131798005,52.1033334686252,74.0
WH270,Dallas,532,4281,8,4,11,87888,S184,Furniture,6644,3.4822959389454446,1.514175873010643,1.5038789114051263,48750,18999,9465,279,8,53,7.482295938945445,125.35849056603773,0.0005241264206721018,-2363,Shortage,0.010912820512820514,Very Low,12.488721804511279,Very Fast,0.015037593984962405,-2363,Under-Forecast,1.5519738378883439,Overperforming,Future Demand Zone,28464,332200,0.9143166767007826,303736,4.8587640400986825,59424,1121.2075471698113,6267.924528301887,10.037735849056604,65.37861625827854,10.456044287177898,38.0
WH263,Los Angeles,2607,4256,3,2,13,94791,S892,Apparel,6189,4.389174887021215,2.489233291346702,3.349496436138462,10928,15210,10826,137,1,37,6.389174887021215,167.27027027027026,0.0007091896731331742,-1933,Shortage,0.23856149341142022,Low,2.3739930955120827,Fast Moving,0.0003835826620636747,-1933,Under-Forecast,1.4541823308270676,Overperforming,Future Demand Zone,26036,309450,0.9538215843534543,283414,5.94688506220263,68755,1858.2432432432433,8363.513513513513,70.45945945945945,60.9013028330051,51.23854785088868,56.0
WH466,Los Angeles,3954,4082,7,2,13,86732,S219,Automotive,2398,3.4315867630283257,5.442030993712262,2.3162016843533744,10369,5264,2813,283,22,86,5.431586763028326,27.88372093023256,0.0014310203348741975,1684,Shortage,0.3813289613270325,Moderate,0.6064744562468386,Slow Moving,0.00556398583712696,1684,Overestimate (Unmet Demand),0.5874571288584027,Underperforming,Unmet Demand Zone,8077,119900,0.9443958150307483,111823,6.834278493864816,78655,914.5930232558139,1394.1860465116279,45.97674418604651,23.596917788583976,77.71278028477708,51.0
WH254,Dallas,3708,2235,7,5,17,36749,S521,Furniture,6759,4.245877681403539,6.026154882440943,4.251698802025805,36428,7985,9161,98,35,23,9.245877681403538,293.8695652173913,0.0006281813406426304,-4524,Overstock,0.10178983199736466,Low,1.8228155339805825,Healthy,0.009439050701186624,-4524,Under-Forecast,3.0241610738255034,Highly Overperforming,Under-Forecast Zone,17146,337950,0.9526010468159348,320804,8.610678179942639,19603,852.304347826087,14693.478260869566,161.2173913043478,66.51024492620479,72.87784251288655,70.0
WH141,Denver,980,2070,7,4,18,96843,S119,Automotive,8159,4.0399757922900985,5.638568988753409,2.0401231057083216,15824,10856,12927,70,41,52,8.039975792290099,156.90384615384616,0.0004951557534367077,-6089,Shortage,0.06193124368048534,Very Low,8.325510204081633,Very Fast,0.04183673469387755,-6089,Under-Forecast,3.9415458937198067,Highly Overperforming,Under-Forecast Zone,23783,407950,0.9522941523922032,384167,8.904121717034185,73060,1405.0,7845.192307692308,18.846153846153847,80.28659392704614,19.261134213222444,50.0
WH295,Denver,1834,1077,7,7,16,37429,S396,Groceries,4210,3.1469617803986503,1.7596745187193243,3.902309300262796,12488,10894,10745,164,12,6,10.14696178039865,701.6666666666666,0.0007474968599521734,-3133,Overstock,0.1468609865470852,Low,2.295528898582334,Fast Moving,0.006543075245365322,-3133,Under-Forecast,3.9090064995357476,Highly Overperforming,Low Demand Zone,21639,210500,0.8972019002375297,188861,6.929865278189407,15790,2631.6666666666665,35083.333333333336,305.6666666666667,41.427449495387215,36.04583688474486,39.0
WH050,Seattle,4324,1831,3,4,17,43981,S921,Groceries,1393,1.1280814456483437,7.109339579621852,1.7449045392822646,46359,14236,13470,70,5,89,5.128081445648344,15.651685393258427,0.0008098215690225008,438,Overstock,0.09327207230526974,Very Low,0.3221554116558742,Dead Stock,0.001156336725254394,438,Overestimate (Unmet Demand),0.760786455488804,Underperforming,Low Demand Zone,27706,69650,0.6022110552763819,41944,8.933148774904133,16275,182.86516853932585,782.5842696629213,48.58426966292135,13.707467255837146,84.98484116119779,49.0
WH228,New York,2548,4355,6,5,18,95645,S558,Groceries,4284,4.771542168206818,6.609676065944194,1.96418362917576,44370,8185,5267,248,18,88,9.771542168206818,48.68181818181818,0.0011138053613928148,71,Shortage,0.05742618886635114,Very Low,1.6813186813186813,Healthy,0.00706436420722135,71,Overestimate (Unmet Demand),0.9836969001148106,Slightly Under,Unmet Demand Zone,13452,214200,0.9109225294278676,200748,9.185022129045425,82193,934.0113636363636,2434.090909090909,28.954545454545453,42.15562794257454,50.078948954378355,46.0
WH125,Denver,3380,5055,6,4,24,66402,S735,Groceries,5544,2.2311774109484483,8.511802042037194,1.28832640241377,23744,13811,9053,146,4,85,6.231177410948448,65.2235294117647,0.0004024490279488543,-489,Shortage,0.14235175202156333,Low,1.6402366863905324,Healthy,0.001183431952662722,-489,Under-Forecast,1.0967359050445105,Accurate,Future Demand Zone,22864,277200,0.9329161424429736,254336,12.153895642196959,43538,512.2117647058824,3261.176470588235,39.76470588235294,54.55434204333176,66.43125881703251,60.0
WH006,Atlanta,1314,4858,5,2,18,42837,S955,Groceries,3448,2.1723522245761657,5.843548804633928,2.868405400576916,15353,16110,7856,70,42,31,4.172352224576166,111.2258064516129,0.0006300325477309065,1410,Shortage,0.08558587898130658,Very Low,2.624048706240487,Fast Moving,0.0319634703196347,1410,Overestimate (Unmet Demand),0.7097571016879374,Underperforming,Unmet Demand Zone,23966,172400,0.860986078886311,148434,8.962653682486069,18871,608.741935483871,5561.290322580645,42.38709677419355,33.92917953921499,25.82564322058601,30.0
WH043,Miami,570,4885,4,5,7,57506,S167,Groceries,4262,3.2196138149263485,4.218476444831822,2.932320275333834,16459,19635,13095,61,1,62,8.219613814926348,68.74193548387096,0.0007554232320333994,623,Shortage,0.034631508597120116,Very Low,7.47719298245614,Very Fast,0.0017543859649122807,623,Overestimate (Unmet Demand),0.8724667349027636,Underperforming,Unmet Demand Zone,32730,213100,0.8464101360863444,180370,4.06606924923902,24776,399.61290322580646,3437.0967741935483,9.193548387096774,41.939142458275604,11.20290459340489,27.0
WH250,San Francisco,528,1982,2,1,9,80086,S230,Groceries,1513,3.6353295637262,2.1514037788288585,2.585306771833449,30525,18993,7758,49,34,36,4.6353295637262,42.02777777777778,0.0024027293877899535,469,Shortage,0.017297297297297298,Very Low,2.865530303030303,Fast Moving,0.06439393939393939,469,Overestimate (Unmet Demand),0.7633703329969728,Underperforming,Low Demand Zone,26751,75650,0.646384666226041,48899,4.26473931546684,53335,1481.5277777777778,2101.3888888888887,14.666666666666666,14.888297170194976,10.377427412838214,13.0
WH306,Houston,4942,4080,5,3,25,44339,S210,Groceries,9609,3.92591943567002,0.5067553350714313,1.249607483589442,46227,9557,8166,102,37,20,6.9259194356700196,480.45,0.00040856690973774793,-5529,Overstock,0.10690721872498757,Low,1.944354512343181,Healthy,0.007486847430190206,-5529,Under-Forecast,2.3551470588235293,Highly Overperforming,Future Demand Zone,17723,480450,0.9394469974297064,462727,10.154272654750486,26616,1330.8,24022.5,247.1,94.55495539220325,97.13114824667889,96.0
WH018,Miami,2482,516,2,2,17,79112,S491,Apparel,2238,2.303450971010143,1.7629513346528352,4.088770744703288,24140,15962,4290,292,23,70,4.303450971010143,31.97142857142857,0.001029245295357526,-1722,Overstock,0.1028169014084507,Low,0.9016921837228042,Slow Moving,0.009266720386784852,-1722,Under-Forecast,4.337209302325581,Highly Overperforming,Low Demand Zone,20252,111900,0.8785749861649143,91648,7.331665416511886,58860,840.8571428571429,1598.5714285714287,35.457142857142856,22.022477902773534,48.781770527773574,35.0
WH055,Dallas,3790,2904,8,4,13,80868,S929,Groceries,3819,0.7883545024077682,6.447282385305265,4.699026272849533,18187,16069,12253,248,49,31,4.788354502407768,123.19354838709677,0.00020642956334322287,-915,Overstock,0.2083906086765272,Low,1.0076517150395778,Healthy,0.012928759894459104,-915,Under-Forecast,1.3150826446280992,Overperforming,Low Demand Zone,28322,190950,0.9205442418852824,162628,7.138063343559918,52546,1695.032258064516,6159.677419354839,122.25806451612904,37.579912024437945,74.48948843685007,56.0
WH454,Los Angeles,2838,3097,4,5,24,52345,S856,Groceries,1932,3.2398408285236115,3.161294892494549,1.2233738808581744,41612,2593,12276,9,33,22,8.239840828523612,87.81818181818181,0.0016769362466478321,1165,Shortage,0.06820148034220898,Very Low,0.6807610993657506,Slow Moving,0.011627906976744186,1165,Overestimate (Unmet Demand),0.6238295124313852,Underperforming,Unmet Demand Zone,14869,96600,0.8460766045548654,81731,10.55187683984139,37476,1703.4545454545455,4390.909090909091,129.0,19.01136162116107,55.7786723440054,37.0
WH178,Atlanta,1055,3915,9,1,16,93626,S917,Automotive,6077,1.378647727475505,3.1933413332207032,2.606415416015871,13099,12517,8893,283,37,99,2.3786477274755047,61.38383838383838,0.00022686321005027231,-2162,Shortage,0.0805404992747538,Very Low,5.760189573459716,Very Fast,0.035071090047393366,-2162,Under-Forecast,1.552234993614304,Overperforming,Future Demand Zone,21410,303850,0.9327169236878682,282440,7.368523726980429,72216,729.4545454545455,3069.191919191919,10.656565656565656,59.799194912937786,20.735200607091507,40.0
WH486,Seattle,2163,4952,7,6,10,63033,S768,Automotive,3870,0.9044239890708552,7.788806685434134,3.996709577070427,26467,18771,5622,160,49,59,6.904423989070855,65.59322033898304,0.00023370128916559566,1082,Shortage,0.08172441153134091,Very Low,1.7891816920943135,Healthy,0.022653721682847898,1082,Overestimate (Unmet Demand),0.781502423263328,Underperforming,Unmet Demand Zone,24393,193500,0.8548814570576229,169107,6.343438122135095,38640,654.9152542372881,3279.6610169491523,36.66101694915254,38.08176473804003,42.51207479918382,40.0
WH107,San Francisco,3237,4641,5,1,18,89202,S218,Automotive,8491,2.371239114826022,7.636075282413879,3.935632809599674,24438,17255,12267,136,8,7,3.371239114826022,1213.0,0.0002792649999795103,-3850,Shortage,0.13245764792536213,Low,2.6231078158789,Fast Moving,0.002471424158171146,-3850,Under-Forecast,1.8295625942684766,Overperforming,Future Demand Zone,29522,424550,0.9304628430102462,395028,9.491564011971615,59680,8525.714285714286,60650.0,462.42857142857144,83.55355669010281,63.620705559388824,74.0
WH242,Miami,1440,1135,2,2,22,64823,S471,Apparel,2917,3.746115605276315,9.613737533870475,3.3716614862742995,40012,18694,5063,49,8,67,5.746115605276315,43.53731343283582,0.0012842357234406291,-1782,Overstock,0.035989203239028295,Very Low,2.0256944444444445,Fast Moving,0.005555555555555556,-1782,Under-Forecast,2.570044052863436,Highly Overperforming,Low Demand Zone,23757,145850,0.9217396350506157,122093,11.68578792682781,41066,612.9253731343283,2176.865671641791,21.492537313432837,28.70400716818159,28.30207476228604,29.0
WH353,San Francisco,3119,4223,2,7,7,34027,S763,Electronics,5461,1.9483658513573847,8.492109830382054,2.494557724836613,46381,6415,861,71,38,8,8.948365851357385,682.625,0.00035677821852360094,-1238,Shortage,0.06724736422241866,Very Low,1.7508816928502726,Healthy,0.012183392112856685,-1238,Under-Forecast,1.2931565237982476,Overperforming,Future Demand Zone,7276,273050,0.9479895059029296,265774,5.351287966748473,26751,3343.875,34131.25,389.875,53.737601352567594,61.30150776636816,58.0
WH477,Miami,938,4245,5,4,23,52190,S601,Automotive,7383,4.569937274919113,4.314258633948287,2.6611488684907405,13574,11663,7327,209,14,63,8.569937274919113,117.19047619047619,0.0006189810747553992,-3138,Shortage,0.06910269633122146,Very Low,7.871002132196162,Very Fast,0.014925373134328358,-3138,Under-Forecast,1.7392226148409895,Overperforming,Future Demand Zone,18990,369150,0.9045367192862045,350160,10.498755202124785,33200,526.984126984127,5859.523809523809,14.88888888888889,72.65056048086551,18.435657032655765,46.0
WH189,San Francisco,783,1310,6,3,5,97457,S733,Electronics,2030,2.342681367211197,1.0144603293710803,2.151291746860922,33885,1985,6261,257,23,71,5.342681367211197,28.591549295774648,0.0011540302301532989,-720,Shortage,0.023107569721115537,Very Low,2.5925925925925926,Fast Moving,0.02937420178799489,-720,Under-Forecast,1.549618320610687,Overperforming,Low Demand Zone,8246,101500,0.9000179533213645,93254,2.3131503593477225,89211,1256.4929577464789,1429.5774647887324,11.028169014084508,19.975706051219962,15.389253151993033,18.0
WH097,Houston,4588,4176,2,3,15,73887,S744,Electronics,9762,2.2802591344456937,6.335227603505666,3.189628988075053,15219,5923,7977,238,26,26,5.280259134445694,375.46153846153845,0.00023358524220914707,-5586,Overstock,0.30146527367106907,Moderate,2.1277244986922406,Fast Moving,0.005666957279860506,-5586,Under-Forecast,2.3376436781609193,Highly Overperforming,Future Demand Zone,13900,488100,0.9715222290514239,474200,7.902268368235657,59987,2307.1923076923076,18773.076923076922,176.46153846153845,96.0605135330095,90.1735548676169,93.0
WH174,Los Angeles,2771,4542,10,1,8,89581,S508,Electronics,8717,1.2774135817004648,6.994702732536864,4.149458958361379,45941,17813,9555,190,34,91,2.277413581700465,95.79120879120879,0.00014654279932321495,-4175,Shortage,0.06031649289305849,Very Low,3.1457957416095272,Fast Moving,0.012269938650306749,-4175,Under-Forecast,1.919198590929106,Overperforming,Future Demand Zone,27368,435850,0.9535697734294541,408482,5.302091801356152,62213,683.6593406593406,4789.56043956044,30.45054945054945,85.77745302881006,54.4618396988157,70.0
WH153,Atlanta,3630,956,9,7,7,45897,S517,Apparel,3023,2.7416817060213257,5.330618320677362,2.577514247636304,16306,10185,14293,96,41,25,9.741681706021325,120.92,0.0009069406900500581,-2067,Overstock,0.2226174414326015,Low,0.8327823691460056,Slow Moving,0.011294765840220386,-2067,Under-Forecast,3.162133891213389,Highly Overperforming,Low Demand Zone,24478,151150,0.9035212247738343,126672,4.402573925955275,21419,856.76,6046.0,145.2,29.747073592531006,71.34481346326272,51.0
WH334,Los Angeles,4069,1971,5,4,11,41108,S456,Groceries,2308,4.038621486568559,2.190833817906946,1.0845975511805928,37238,12903,7918,121,24,14,8.038621486568559,164.85714285714286,0.0017498359993797915,-337,Overstock,0.10927010043503947,Low,0.5672155320717621,Slow Moving,0.005898255099533055,-337,Under-Forecast,1.1709791983764586,Accurate,Low Demand Zone,20821,115400,0.8195753899480069,94579,5.059019621901943,20287,1449.0714285714287,8242.857142857143,290.64285714285717,22.7112953528156,79.97301542204298,51.0
WH082,San Francisco,4892,1083,7,5,19,97049,S183,Electronics,5580,3.672574028461696,0.8975352753545169,1.180772972936135,15458,14880,14212,9,49,6,8.672574028461696,930.0,0.0006581673886132072,-4497,Overstock,0.3164704360201837,Moderate,1.1406377759607522,Healthy,0.010016353229762878,-4497,Under-Forecast,5.152354570637119,Highly Overperforming,Under-Forecast Zone,29092,279000,0.9151377468848012,249908,7.872265488575285,67957,11326.166666666666,46500.0,815.3333333333334,54.90859101763911,96.14843731743285,76.0
WH125,Seattle,1085,3932,2,1,10,31964,S539,Electronics,5896,4.531215735919565,0.9841134997220558,4.854329604765839,34914,15079,12423,271,13,41,5.531215735919565,143.8048780487805,0.0007685237001220429,-1964,Shortage,0.031076359053674743,Very Low,5.434101382488479,Very Fast,0.011981566820276499,-1964,Under-Forecast,1.4994913530010172,Overperforming,Future Demand Zone,27502,294800,0.9329161424429736,267298,4.298828519962699,4462,108.82926829268293,7190.243902439024,26.463414634146343,58.01810979211473,21.32482716463913,40.0
WH347,Seattle,1133,3203,2,1,17,85331,S395,Apparel,2526,3.4017176191198857,5.039495031269183,4.472942625972051,37204,7396,11618,129,33,51,4.401717619119886,49.529411764705884,0.0013466815594298835,677,Shortage,0.030453714654338243,Very Low,2.229479258605472,Fast Moving,0.02912621359223301,677,Overestimate (Unmet Demand),0.7886356540743054,Underperforming,Unmet Demand Zone,19014,126300,0.933790246460409,107286,8.320586373458426,66317,1300.3333333333333,2476.470588235294,22.215686274509803,24.856469697232328,22.268229656715334,24.0
WH425,Dallas,1070,4667,5,5,15,94026,S466,Furniture,9375,3.4963317609672213,9.10707796123616,4.253821657931439,29777,8675,5657,28,1,70,8.496331760967221,133.92857142857142,0.0003729420545031703,-4708,Shortage,0.03593377438962958,Very Low,8.761682242990654,Very Fast,0.0009345794392523365,-4708,Under-Forecast,2.0087850867795156,Highly Overperforming,Future Demand Zone,14332,468750,0.9694250666666666,454418,8.732403762202624,79694,1138.4857142857143,6696.428571428572,15.285714285714286,92.25233705920549,21.03001388586532,57.0
WH153,Seattle,2783,3089,6,4,20,31379,S147,Automotive,5599,3.8532196867650392,5.177985872565143,4.144548805889327,34966,9430,7684,210,32,91,7.853219686765039,61.527472527472526,0.0006881978365359956,-2510,Shortage,0.0795916032717497,Very Low,2.0118577075098814,Fast Moving,0.011498383039885016,-2510,Under-Forecast,1.8125606992554224,Overperforming,Under-Forecast Zone,17114,279950,0.9035212247738343,262836,9.556845276681509,14265,156.75824175824175,3076.3736263736264,30.582417582417584,55.0955557540791,54.697690321834756,55.0
WH458,Dallas,2956,591,7,4,11,68101,S816,Apparel,8829,3.308230484668904,5.851436733787557,3.895181314504229,34314,19128,9077,197,37,73,7.308230484668904,120.94520547945206,0.0003747004739686153,-8238,Overstock,0.08614559654951331,Very Low,2.98680649526387,Fast Moving,0.012516914749661705,-8238,Under-Forecast,14.939086294416244,Highly Overperforming,Under-Forecast Zone,28205,441450,0.9385941345365053,413245,6.159186094561165,39896,546.5205479452055,6047.260273972603,40.49315068493151,86.87956094887737,58.097870137026064,72.0
WH362,San Francisco,1105,1494,4,7,16,86457,S396,Automotive,8357,1.3210481495822426,1.4551772259449398,1.406863888155149,44544,4098,7715,131,3,22,8.321048149582243,379.8636363636364,0.00015807683972504996,-6863,Shortage,0.024806932471264368,Very Low,7.56289592760181,Very Fast,0.0027149321266968325,-6863,Under-Forecast,5.593708165997323,Highly Overperforming,Under-Forecast Zone,11813,417850,0.9717290893861433,406037,6.837367647421492,74644,3392.909090909091,18993.18181818182,50.22727272727273,82.23496328573657,21.71791153633755,52.0
WH185,Atlanta,4025,1348,3,2,6,32278,S134,Automotive,2457,0.7197221595936485,6.893959055545324,1.2262535496679594,22903,1778,4901,249,5,46,2.7197221595936485,53.41304347826087,0.0002929272118818268,-1109,Overstock,0.17574116927913375,Low,0.6104347826086957,Slow Moving,0.0012422360248447205,-1109,Under-Forecast,1.822700296735905,Overperforming,Low Demand Zone,6679,122850,0.9456328856328856,116171,4.468560387471051,25599,556.5,2670.6521739130435,87.5,24.177492496476575,79.10822980430646,52.0
WH254,Atlanta,4276,3468,10,1,16,44679,S410,Furniture,6997,3.560400811312308,1.1852996332661525,1.7906886450859072,25956,1174,14281,122,6,54,4.560400811312308,129.57407407407408,0.0005088467645151219,-3529,Overstock,0.16474032978887349,Low,1.6363423760523854,Healthy,0.001403180542563143,-3529,Under-Forecast,2.017589388696655,Highly Overperforming,Future Demand Zone,15455,349850,0.9526010468159348,334395,6.756010844142615,29224,541.1851851851852,6478.7037037037035,79.18518518518519,68.85222425634782,84.0414386691216,76.0
WH472,New York,4067,2378,5,7,8,55131,S214,Automotive,8284,2.6948991088537606,7.807269760553269,1.6785180324304214,40549,17999,12708,226,12,46,9.694899108853761,180.08695652173913,0.0003253137504652053,-5906,Overstock,0.10029840439961528,Low,2.0368822227686256,Fast Moving,0.0029505778214900416,-5906,Under-Forecast,3.483599663582843,Highly Overperforming,Under-Forecast Zone,30707,414200,0.9258643167551908,383493,5.543066101512427,24424,530.9565217391304,9004.347826086956,88.41304347826087,81.51662508783555,79.93370698487314,81.0
WH315,Los Angeles,2253,2408,7,4,5,78804,S722,Furniture,9539,3.935153366504568,1.6094199709814914,4.145083252784581,17822,14959,4780,61,42,74,7.935153366504569,128.90540540540542,0.00041253311316747753,-7131,Shortage,0.12641678823925484,Low,4.233910341766533,Fast Moving,0.018641810918774968,-7131,Under-Forecast,3.961378737541528,Highly Overperforming,Under-Forecast Zone,19739,476950,0.9394088322674857,457211,2.48841853457008,59065,798.1756756756756,6445.27027027027,30.445945945945947,93.86613794216119,44.280954471826696,69.0
WH233,Denver,3633,3446,10,4,5,80642,S398,Furniture,8647,4.680226191008989,9.480227208677835,1.871207718604752,40696,5691,2231,278,3,33,8.68022619100899,262.030303030303,0.0005412543299420596,-5201,Overstock,0.08927167289168468,Very Low,2.380126617120837,Fast Moving,0.0008257638315441783,-5201,Under-Forecast,2.5092861288450377,Highly Overperforming,Future Demand Zone,7922,432350,0.9771384568926469,424428,4.844315891752814,72720,2203.6363636363635,13101.515151515152,110.0909090909091,85.08863557876799,71.40377611901748,78.0
WH039,New York,4625,2143,4,1,19,77994,S711,Groceries,6810,3.7351764922045696,9.386046473541366,4.339697396842895,37574,5501,11572,20,2,18,4.73517649220457,378.3333333333333,0.0005484840664030205,-4667,Overstock,0.12309043487517965,Low,1.4724324324324325,Healthy,0.00043243243243243243,-4667,Under-Forecast,3.177788147456836,Highly Overperforming,Under-Forecast Zone,17073,340500,0.9420907385906939,323427,10.41594367179214,60921,3384.5,18916.666666666668,256.94444444444446,67.01209763980687,90.90076095525897,79.0
WH378,Denver,3385,3251,5,4,5,46917,S586,Automotive,6447,1.378266895660984,9.52677264321144,2.683638298637746,14836,12091,8644,175,0,28,5.378266895660984,230.25,0.00021378422454800436,-3196,Overstock,0.2281612294418981,Low,1.9045790251107828,Healthy,0.0,-3196,Under-Forecast,1.9830821285758229,Overperforming,Future Demand Zone,20735,322350,0.9356755079882115,301615,4.858031792963432,26182,935.0714285714286,11512.5,120.89285714285714,63.44008714887443,66.5295299099571,65.0
WH082,Dallas,3756,1623,8,2,25,83069,S801,Apparel,4363,4.841622118032367,6.291763381398928,2.3452135261334583,48455,5138,12163,276,43,18,6.841622118032367,242.38888888888889,0.0011097002333331119,-2740,Overstock,0.07751522030750181,Very Low,1.16160809371672,Healthy,0.011448349307774228,-2740,Under-Forecast,2.6882316697473816,Highly Overperforming,Low Demand Zone,17301,218150,0.9151377468848012,200849,11.890963519212011,65768,3653.777777777778,12119.444444444445,208.66666666666666,42.933007636193445,73.82124500496275,58.0
WH010,Atlanta,853,4822,2,6,25,30777,S616,Furniture,7854,2.9011038090227186,4.608665813732068,1.2459816215860022,13624,8451,6198,241,40,88,8.901103809022718,89.25,0.00036937914553383225,-3032,Shortage,0.06261009982384028,Very Low,9.207502930832357,Very Fast,0.04689331770222743,-3032,Under-Forecast,1.6287847366238075,Overperforming,Future Demand Zone,14649,392700,0.9626967150496563,378051,11.396667739430288,16128,183.27272727272728,4462.5,9.693181818181818,77.28531789472,16.765048452937492,47.0
WH232,Los Angeles,1999,4340,10,4,25,59472,S365,Furniture,4602,4.093949324976702,4.45675169425218,4.5564093742173135,20435,6118,12838,265,36,33,8.093949324976702,139.45454545454547,0.0008896022001253155,-262,Shortage,0.09782236359187668,Very Low,2.3021510755377688,Fast Moving,0.018009004502251125,-262,Under-Forecast,1.06036866359447,Accurate,Unmet Demand Zone,18956,230100,0.8644348894348894,211144,11.342428209626329,40516,1227.7575757575758,6972.727272727273,60.57575757575758,45.28482721562279,39.2887829512568,42.0
WH205,San Francisco,4855,4555,7,6,13,44452,S450,Apparel,7850,3.158681814624715,1.405207471438337,4.644929750089861,29113,5476,3787,35,10,68,9.158681814624714,115.44117647058823,0.000402379848996779,-3295,Overstock,0.1667639885961598,Low,1.6168898043254376,Healthy,0.0020597322348094747,-3295,Under-Forecast,1.7233809001097695,Overperforming,Future Demand Zone,9263,392500,0.9613866666666666,383237,5.622180161101944,35189,517.4852941176471,5772.058823529412,71.3970588235294,77.24595689757473,95.42123122979078,86.0
WH236,Atlanta,4793,4845,4,5,6,76581,S511,Apparel,7472,2.493734079232039,1.6878560502785165,3.661938243917697,40975,8669,5610,79,35,92,7.4937340792320395,81.21739130434783,0.0003337438542869431,-2627,Shortage,0.11697376449054302,Low,1.558940121009806,Healthy,0.007302315877321094,-2627,Under-Forecast,1.5422084623323014,Overperforming,Future Demand Zone,14279,373600,0.9617799785867238,359321,2.9085475098467515,62302,677.195652173913,4060.8695652173915,52.09782608695652,73.52634266734756,94.20266967752568,84.0
WH331,San Francisco,2710,2793,7,2,22,40686,S857,Electronics,5156,4.147032732302561,5.687013355747712,3.1619935023130155,33721,5159,9866,227,30,86,6.147032732302561,59.95348837209303,0.0008043120116956092,-2363,Shortage,0.08036535096823938,Very Low,1.9025830258302583,Healthy,0.01107011070110701,-2363,Under-Forecast,1.8460436806301468,Overperforming,Low Demand Zone,15025,257800,0.9417183863460047,242775,10.509425039934646,25661,298.3837209302326,2997.6744186046512,31.511627906976745,50.73632532024144,53.26293236513553,52.0
WH221,Dallas,4693,2590,6,2,9,68367,S923,Apparel,2077,3.687660635337499,1.1222964721776392,3.2022021152372475,16068,12663,13144,106,12,19,5.687660635337499,109.3157894736842,0.001775474547586663,513,Overstock,0.29207119741100324,Moderate,0.4425740464521628,Dead Stock,0.0025569997869166845,513,Overestimate (Unmet Demand),0.801930501930502,Underperforming,Low Demand Zone,25807,103850,0.8785737643063766,78043,3.937456041589367,42560,2240.0,5465.789473684211,247.0,20.43819776767678,92.2372478190336,56.0
WH420,Denver,3177,3658,9,6,11,51099,S334,Automotive,4728,2.228897599874667,3.228079421307656,4.705196817484711,38501,15641,12475,131,4,28,8.228897599874667,168.85714285714286,0.0004714250422746758,-1070,Shortage,0.08251733721202047,Very Low,1.4881964117091595,Healthy,0.0012590494176896443,-1070,Under-Forecast,1.2925095680699836,Overperforming,Unmet Demand Zone,28116,236400,0.9042066918510524,208284,5.368801541217604,22983,820.8214285714286,8442.857142857143,113.46428571428571,46.52469862569851,62.441452444293574,54.0
WH178,Atlanta,2897,5133,10,5,12,55488,S840,Automotive,9032,2.995728111088946,5.727325542666683,3.966267629358512,41563,15830,13589,144,49,24,7.995728111088946,376.3333333333333,0.0003316793745669781,-3899,Shortage,0.06970141712580902,Very Low,3.117707973765965,Fast Moving,0.01691404901622368,-3899,Under-Forecast,1.7595947788817456,Overperforming,Future Demand Zone,29419,451600,0.9327169236878682,422181,6.523271877504873,26069,1086.2083333333333,18816.666666666668,120.70833333333333,88.87713155399936,56.93827124051573,73.0
WH009,Atlanta,3113,639,3,5,21,73388,S520,Groceries,5139,0.6823629612278101,2.3485187673247934,1.2116350947503007,42738,1938,10983,29,0,19,5.68236296122781,270.4736842105263,0.00013278127286005256,-4500,Overstock,0.07283915953016051,Very Low,1.6508191455187922,Healthy,0.0,-4500,Under-Forecast,8.04225352112676,Highly Overperforming,Low Demand Zone,12921,256950,0.9469766068924803,244029,9.104555630197439,60467,3182.4736842105262,13523.684210526315,163.8421052631579,50.569041082374085,61.18358245485864,56.0
WH266,Miami,4262,4453,4,7,20,47772,S644,Automotive,4193,2.016806076618449,9.410102651539525,2.4086257012276358,21690,16433,1907,16,15,9,9.01680607661845,465.8888888888889,0.00048099357896934147,260,Shortage,0.19649608114338404,Low,0.9838104176442984,Slow Moving,0.0035194744251525107,260,Overestimate (Unmet Demand),0.9416123961374354,Slightly Under,Unmet Demand Zone,18340,209650,0.9494801167457132,191310,10.824086637789403,29432,3270.222222222222,23294.444444444445,473.55555555555554,41.26016525751985,83.7662796089327,63.0
WH054,Denver,562,2584,7,7,22,70573,S342,Groceries,8087,0.8934419386488675,3.923041346098174,3.614312955335385,10919,17110,3204,216,2,86,7.893441938648867,94.03488372093024,0.00011047878553837856,-5503,Shortage,0.05146991482736514,Very Low,14.38967971530249,Very Fast,0.0035587188612099642,-5503,Under-Forecast,3.1296439628482973,Highly Overperforming,Under-Forecast Zone,20314,404350,0.9432571632953145,384036,9.977980019487815,50259,584.4069767441861,4701.7441860465115,6.534883720930233,79.57809597843145,11.045670844725523,45.0
WH297,Chicago,1377,3852,10,2,13,32573,S940,Furniture,4851,2.572734843629043,4.984775575239685,4.027067674092859,22061,7161,13990,275,9,75,4.572734843629043,64.68,0.0005303514416881144,-999,Shortage,0.06241784143964462,Very Low,3.522875816993464,Fast Moving,0.006535947712418301,-999,Under-Forecast,1.2593457943925233,Overperforming,Unmet Demand Zone,21151,242550,0.91279736136879,221399,6.6973934568856315,11422,152.29333333333332,3234.0,18.36,47.73504928791529,27.063858991436025,37.0
WH068,Chicago,3237,4628,2,2,15,82698,S325,Automotive,8869,2.3030968971262498,3.5364465951868387,2.562071464622345,22298,2024,5966,95,39,44,4.30309689712625,201.5681818181818,0.00025967943365951625,-4241,Shortage,0.14516997040093282,Low,2.7398826073524867,Fast Moving,0.012048192771084338,-4241,Under-Forecast,1.9163785652549699,Overperforming,Future Demand Zone,7990,443450,0.9627020695041,435460,7.064548436387377,74708,1697.909090909091,10078.40909090909,73.56818181818181,87.27317092032997,63.620705559388824,75.0
WH496,Miami,4862,4621,10,6,5,87939,S804,Apparel,2900,1.117540979523934,9.409925344743009,1.8574980394756824,45518,13888,8672,264,41,62,7.117540979523934,46.774193548387096,0.00038535895845652897,1721,Overstock,0.10681488641855968,Low,0.5964623611682435,Slow Moving,0.008432743726861374,1721,Overestimate (Unmet Demand),0.6275697900887254,Underperforming,Unmet Demand Zone,22560,145000,0.8444137931034483,122440,4.825507426540961,65379,1054.5,2338.7096774193546,78.41935483870968,28.53672293031423,95.55881075988522,62.0
WH478,Houston,789,1746,9,6,23,79365,S453,Automotive,3171,2.7423648076544795,9.315235139253392,3.7817580136174103,43927,5602,12965,254,9,65,8.742364807654479,48.784615384615385,0.000864826492480126,-1425,Shortage,0.017961618139185467,Very Low,4.019011406844107,Fast Moving,0.011406844106463879,-1425,Under-Forecast,1.8161512027491409,Overperforming,Low Demand Zone,18567,158550,0.9352755037783376,139983,11.997992595007958,60798,935.3538461538461,2439.230769230769,12.138461538461538,31.203430486905663,15.507178463502559,23.0
WH129,Seattle,3104,4771,2,2,25,80079,S187,Electronics,3050,3.303165258596908,9.62308177114705,4.142530632667576,25046,18888,9374,172,19,58,5.303165258596907,52.58620689655172,0.0010830050028186582,1721,Shortage,0.12393196518406133,Low,0.9826030927835051,Slow Moving,0.006121134020618557,1721,Overestimate (Unmet Demand),0.6392789771536366,Underperforming,Unmet Demand Zone,28262,152500,0.9106803984467331,124238,12.8887608715503,51817,893.3965517241379,2629.310344827586,53.51724137931034,30.01276032326152,61.00669448759435,46.0
WH093,Atlanta,1435,5167,10,3,18,53504,S868,Furniture,6151,3.4955407232912656,1.6488872482675858,2.7164515588987865,16295,3196,14151,114,44,13,6.495540723291265,473.15384615384613,0.0005682882008277135,-984,Shortage,0.08806382325866831,Very Low,4.286411149825784,Fast Moving,0.030662020905923345,-984,Under-Forecast,1.1904393264950648,Accurate,Future Demand Zone,17347,307550,0.927279463430214,290203,7.7038647807520535,36157,2781.3076923076924,23657.69230769231,110.38461538461539,60.52737336012512,28.203803669361434,44.0
WH414,Chicago,4473,2730,10,7,21,32188,S557,Groceries,3435,4.707221900372791,1.3837596926727609,2.142700106194362,17183,2226,9199,87,14,17,11.70722190037279,202.05882352941177,0.0013703702766733016,-705,Overstock,0.2603154280393412,Moderate,0.7679409792085848,Slow Moving,0.003129890453834116,-705,Under-Forecast,1.2582417582417582,Overperforming,Low Demand Zone,11425,171750,0.8975990099009901,160325,8.81606687493798,20763,1221.3529411764705,10102.941176470587,263.11764705882354,33.801256298492895,87.913319730351,61.0
WH100,Los Angeles,1859,4489,5,4,23,34451,S211,Groceries,9634,0.5051594759509981,3.206536021597237,1.1020643173293565,29322,18781,7428,269,47,59,4.5051594759509985,163.28813559322035,5.243507120105855e-05,-5145,Shortage,0.06339949525953209,Very Low,5.182356105433029,Very Fast,0.025282409897794515,-5145,Under-Forecast,2.1461349966584984,Highly Overperforming,Future Demand Zone,26209,481700,0.9545825983509045,455491,10.169545529448511,8242,139.6949152542373,8164.406779661017,31.508474576271187,94.80096162436114,36.53719234936788,66.0
WH013,Miami,4214,2516,5,7,8,46897,S998,Furniture,2027,4.116614315524204,7.620789530147575,4.68804215850736,44903,18844,8447,26,12,35,11.116614315524204,57.91428571428571,0.0020308901408604856,489,Overstock,0.09384673629824287,Very Low,0.481015662078785,Dead Stock,0.0028476506881822496,489,Overestimate (Unmet Demand),0.8056438791732909,Underperforming,Low Demand Zone,27291,101350,0.7307252096694623,74059,5.487091154250726,19606,560.1714285714286,2895.714285714286,120.4,19.946185303361016,82.8228771168565,51.0
WH422,Los Angeles,3561,402,10,3,9,53249,S890,Automotive,2809,3.893007702174429,8.874503241366527,3.219685998829052,37169,12529,8799,125,2,50,6.89300770217443,56.18,0.0013859051983533034,-2407,Overstock,0.09580564448868681,Very Low,0.7888233642235327,Slow Moving,0.0005616399887672002,-2407,Under-Forecast,6.987562189054726,Highly Overperforming,Low Demand Zone,21328,140450,0.9051585750789117,119122,6.262519464406589,31921,638.42,2809.0,71.22,27.641260245259545,69.98867238090318,49.0
WH287,Dallas,3298,408,7,3,9,32024,S971,Groceries,6968,2.755378380493312,7.884325486060242,3.2816015583640725,10604,5177,10228,149,30,19,5.755378380493312,366.7368421052632,0.00039543317745311594,-6560,Overstock,0.3110147114296492,Moderate,2.1127956337174045,Fast Moving,0.009096422073984234,-6560,Under-Forecast,17.07843137254902,Highly Overperforming,Under-Forecast Zone,15405,348400,0.9550982137558602,332995,5.968026572440268,16619,874.6842105263158,18336.842105263157,173.57894736842104,68.56685702704468,64.81961289306899,67.0
WH054,Atlanta,2677,4517,7,5,15,88414,S924,Electronics,8398,2.5034526815535045,5.429731238791156,2.019250523513873,13407,19481,4614,228,3,93,7.5034526815535045,90.3010752688172,0.0002981010575796028,-3881,Shortage,0.19967181323189379,Low,3.137093761673515,Fast Moving,0.0011206574523720584,-3881,Under-Forecast,1.8591985831303963,Overperforming,Future Demand Zone,24095,419900,0.9432571632953145,395805,7.629255568873058,64319,691.6021505376344,4515.05376344086,28.78494623655914,82.63841350647549,52.61434315183314,68.0
WH258,Houston,1665,1457,2,5,13,56498,S669,Automotive,1525,1.183463664682772,4.362674871530122,3.073135425649372,30826,10751,14777,58,31,74,6.1834636646827725,20.60810810810811,0.0007760417473329653,-68,Overstock,0.05401284629857912,Very Low,0.9159159159159159,Slow Moving,0.018618618618618618,-68,Under-Forecast,1.0466712422786548,Accurate,Low Demand Zone,25528,76250,0.9300041261420572,50722,6.514388047044622,30970,418.5135135135135,1030.4054054054054,22.5,15.00638016163076,32.72427394389323,24.0
WH136,New York,4421,3181,10,5,11,47922,S851,Electronics,1038,3.848050547745861,7.849501440463722,4.182189570477151,27494,19822,10759,236,35,86,8.84805054774586,12.069767441860465,0.003707177791662679,2143,Overstock,0.16079871972066634,Low,0.2347885093870165,Dead Stock,0.007916760913820403,2143,Overestimate (Unmet Demand),0.32631248035209054,Underperforming,Unmet Demand Zone,30581,51900,0.8458491142333537,21319,6.757225460413263,17341,201.63953488372093,603.4883720930233,51.406976744186046,10.214178759195232,86.89130036393512,49.0
WH312,Dallas,4808,1153,10,6,19,34386,S471,Groceries,9223,0.8262203298923263,0.7855293240059442,3.707382269768485,46284,16981,11539,238,19,39,6.826220329892326,236.48717948717947,8.958260109425634e-05,-8070,Overstock,0.10388039063175179,Low,1.918261231281198,Healthy,0.003951747088186356,-8070,Under-Forecast,7.999132697311362,Highly Overperforming,Under-Forecast Zone,28520,461150,0.9381546134663342,432630,7.83684432132824,5866,150.4102564102564,11824.358974358975,123.28205128205128,90.75661916768557,94.49748295629949,93.0
WH483,Miami,583,3301,2,6,21,45378,S498,Automotive,4534,0.8340030997555311,2.208844548998254,1.436325711386408,33922,7619,14413,298,13,23,6.834003099755531,197.1304347826087,0.0001839442213841048,-1233,Shortage,0.01718648664583456,Very Low,7.777015437392796,Very Fast,0.022298456260720412,-1233,Under-Forecast,1.3735231747955166,Overperforming,Unmet Demand Zone,22032,226700,0.90281429201588,204668,9.069342901577693,23346,1015.0434782608696,9856.521739130434,25.347826086956523,44.61569026415335,11.458409435008862,28.0
WH307,Chicago,2535,670,10,5,7,86852,S105,Electronics,9709,2.3929297875995488,1.4697605067822876,2.788001508463846,38167,2813,9918,64,15,44,7.392929787599549,220.6590909090909,0.0002464651135646873,-9039,Overstock,0.0664186338983939,Very Low,3.829980276134122,Fast Moving,0.005917159763313609,-9039,Under-Forecast,14.491044776119402,Highly Overperforming,Under-Forecast Zone,12731,485450,0.9699985960971501,472719,3.2427032999636807,74121,1684.5681818181818,11032.954545454546,57.61363636363637,95.53898032083478,49.82344411277438,73.0
WH096,Denver,876,4572,8,4,21,51273,S529,Automotive,1549,4.737408838987866,4.378774438164912,3.676212319488384,42787,16048,12204,164,31,44,8.737408838987866,35.20454545454545,0.0030583659386622763,3023,Shortage,0.020473508308598405,Very Low,1.7682648401826484,Healthy,0.03538812785388128,3023,Overestimate (Unmet Demand),0.3388013998250219,Underperforming,Unmet Demand Zone,28252,77450,0.6352227243382828,49198,9.724248769805639,23021,523.2045454545455,1760.2272727272727,19.90909090909091,15.242546144502326,17.21709548039067,16.0
WH037,Houston,1389,1881,3,2,17,48242,S860,Apparel,2669,2.738094464697677,1.1260942084019383,4.512628244794277,16071,5523,4816,2,45,18,4.738094464697677,148.27777777777777,0.0010258877724607257,-788,Shortage,0.08642897143923838,Very Low,1.9215262778977682,Healthy,0.032397408207343416,-788,Under-Forecast,1.4189261031366294,Overperforming,Low Demand Zone,10339,133450,0.9239824771007566,123111,7.147547484982785,37903,2105.722222222222,7413.888888888889,77.16666666666667,26.26362534517541,27.299709614455075,27.0
WH319,Dallas,3321,3357,9,1,16,64265,S709,Furniture,4167,3.6685131138275744,2.6293302819586746,3.4040881169142283,44887,2797,9671,245,12,71,4.668513113827574,58.690140845070424,0.0008803727175012178,-810,Shortage,0.07398578653062134,Very Low,1.2547425474254743,Healthy,0.0036133694670280035,-810,Under-Forecast,1.2412868632707774,Overperforming,Unmet Demand Zone,12468,208350,0.9468869738622605,195882,7.189883095427711,51797,729.5352112676056,2934.507042253521,46.774647887323944,41.00431877607566,65.27165992052218,53.0
WH039,Miami,874,3644,7,3,8,87744,S724,Furniture,7033,2.7012376215126443,7.269622657191019,1.2956086154258748,11714,8626,3739,80,48,38,5.701237621512645,185.07894736842104,0.00038408042393184196,-3389,Shortage,0.07461157589209493,Very Low,8.046910755148742,Very Fast,0.05491990846681922,-3389,Under-Forecast,1.9300219538968166,Overperforming,Future Demand Zone,12365,351650,0.9420907385906939,339285,5.397362769697351,75379,1983.657894736842,9253.947368421053,23.0,69.20647323065516,17.17778704322083,43.0
WH379,Seattle,1431,4199,5,4,8,73889,S537,Furniture,2413,2.960442683768946,1.9529129590696488,3.8499484049280497,33343,7383,6215,96,36,60,6.960442683768946,40.21666666666667,0.001226872227007437,1786,Shortage,0.04291755390936628,Very Low,1.6862334032145352,Healthy,0.025157232704402517,1786,Overestimate (Unmet Demand),0.5746606334841629,Underperforming,Unmet Demand Zone,13598,120650,0.887293825113966,107052,3.7934210575322154,60291,1004.85,2010.8333333333333,23.85,23.744521527878703,28.12518679502175,26.0
WH165,Dallas,4585,1133,7,2,16,59096,S255,Apparel,7346,3.061060257574442,8.122255481230233,2.7120562910443726,10927,7768,3878,15,24,59,5.061060257574442,124.50847457627118,0.0004166975575244272,-6213,Overstock,0.4196028187059577,High,1.6021810250817885,Healthy,0.005234460196292257,-6213,Under-Forecast,6.483671668137688,Highly Overperforming,Under-Forecast Zone,11646,367300,0.968292948543425,355654,8.83824698242796,47450,804.2372881355932,6225.423728813559,77.71186440677967,72.28647125727184,90.11459221186215,81.0
WH228,Dallas,3000,2800,7,6,17,68570,S549,Groceries,3022,2.0734071288774265,1.7256897056349547,2.077692874877569,17122,4512,14576,241,39,93,8.073407128877427,32.494623655913976,0.0006861042782519612,-222,Overstock,0.17521317603083753,Low,1.0073333333333334,Healthy,0.013,-222,Under-Forecast,1.0792857142857142,Accurate,Low Demand Zone,19088,151100,0.9109225294278676,132012,7.321606911690487,49482,532.0645161290323,1624.731182795699,32.25806451612903,29.737233343244693,58.96265575476258,44.0
WH095,Denver,4376,3250,9,4,12,92958,S428,Furniture,2486,3.750684189553968,2.170777758481307,1.9064014790487331,15561,18118,2657,44,50,96,7.750684189553969,25.895833333333332,0.0015087225219444765,764,Overstock,0.2812158601632286,Moderate,0.5680987202925045,Slow Moving,0.011425959780621572,764,Overestimate (Unmet Demand),0.7649230769230769,Underperforming,Unmet Demand Zone,20775,124300,0.9347880364109232,103525,5.454661115478579,72183,751.90625,1294.7916666666667,45.583333333333336,24.46285972577972,86.00686052761368,55.0
WH458,Seattle,1930,1690,2,5,14,59326,S305,Apparel,4275,0.835235956708963,1.0218607308163654,2.2918693611017336,11992,10108,558,3,22,62,5.835235956708963,68.95161290322581,0.0001953768319787048,-2585,Overstock,0.16094062708472315,Low,2.215025906735751,Fast Moving,0.011398963730569948,-2585,Under-Forecast,2.529585798816568,Highly Overperforming,Low Demand Zone,10666,213750,0.9385941345365053,203084,5.90997790836408,48660,784.8387096774194,3447.5806451612902,31.129032258064516,42.0670656989977,37.93264186889726,40.0
WH111,New York,1306,2568,4,1,6,99648,S417,Apparel,7126,1.720847231927259,5.418592416723341,4.2009473045330665,10857,14934,5552,292,24,12,2.7208472319272587,593.8333333333334,0.00024148852538973602,-4558,Shortage,0.12029105646126922,Low,5.45635528330781,Very Fast,0.018376722817764167,-4558,Under-Forecast,2.7749221183800623,Highly Overperforming,Under-Forecast Zone,20486,356300,0.9425035082795397,335814,4.031090741862331,79162,6596.833333333333,29691.666666666668,108.83333333333333,70.12161641428249,25.668409471906642,48.0
WH063,Denver,519,4714,10,7,13,48320,S782,Furniture,1845,2.5634494400064507,9.643661997837889,4.354149553823753,46938,13318,3878,127,50,23,9.563449440006451,80.21739130434783,0.0013894034905184015,2869,Shortage,0.011057139204908603,Very Low,3.554913294797688,Fast Moving,0.09633911368015415,2869,Overestimate (Unmet Demand),0.3913873568095036,Underperforming,Unmet Demand Zone,17196,92250,0.8135934959349593,75054,8.122000333455413,31124,1353.2173913043478,4010.8695652173915,22.565217391304348,18.15525993325164,10.200539445573927,14.0
WH195,Miami,1618,499,8,3,5,76517,S746,Apparel,6348,3.327310732639825,6.979741513490626,3.8729251307243953,31711,4840,7402,65,50,33,6.327310732639825,192.36363636363637,0.0005241510290862988,-5849,Overstock,0.05102330421620258,Very Low,3.92336217552534,Fast Moving,0.030902348578491966,-5849,Under-Forecast,12.721442885771543,Highly Overperforming,Under-Forecast Zone,12242,317400,0.9318633418417436,305158,4.103193158620735,64275,1947.7272727272727,9618.181818181818,49.03030303030303,62.46590246952922,31.800525670401953,47.0
WH033,New York,2148,3006,8,6,18,78909,S779,Apparel,9780,2.498347419661949,9.267905021303486,1.61469952329419,40292,17468,13194,267,22,88,8.498347419661949,111.13636363636364,0.00025545474638670235,-6774,Shortage,0.05331083093418048,Very Low,4.553072625698324,Fast Moving,0.010242085661080074,-6774,Under-Forecast,3.2534930139720557,Highly Overperforming,Under-Forecast Zone,30662,489000,0.949400945601912,458338,9.983444132089371,48247,548.2613636363636,5556.818181818182,24.40909090909091,96.23763802016316,42.217261520410005,69.0
WH290,San Francisco,1252,4500,3,4,17,70261,S111,Groceries,1988,3.151417195847543,6.033220545381233,3.306981389943478,38812,18418,12601,274,17,34,7.151417195847543,58.470588235294116,0.0015852199174283415,2512,Shortage,0.03225806451612903,Very Low,1.5878594249201279,Healthy,0.013578274760383386,2512,Overestimate (Unmet Demand),0.44177777777777777,Underperforming,Unmet Demand Zone,31019,99400,0.8723043699186992,68381,8.614039646042485,39242,1154.1764705882354,2923.529411764706,36.8235294117647,19.56241558119472,24.607081668320916,22.0
WH033,Denver,1877,1816,2,4,7,67582,S996,Electronics,9526,4.247775335868873,8.731866695581324,4.109156309285755,23562,4158,862,169,39,47,8.247775335868873,202.68085106382978,0.0004459138500807131,-7710,Overstock,0.07966216789746201,Very Low,5.075119872136388,Very Fast,0.02077783697389451,-7710,Under-Forecast,5.245594713656388,Highly Overperforming,Under-Forecast Zone,5020,476300,0.949400945601912,471280,5.4257933597665655,62562,1331.1063829787233,10134.04255319149,39.93617021276596,93.73821470143909,36.890968283896456,65.0
WH492,Dallas,4910,2192,10,6,18,80267,S508,Groceries,1004,4.834405253333769,7.402858602282735,4.700883131548394,23954,13725,8905,66,5,48,10.83440525333377,20.916666666666668,0.004815144674635228,1188,Overstock,0.20497620439175085,Low,0.2044806517311609,Dead Stock,0.0010183299389002036,1188,Overestimate (Unmet Demand),0.458029197080292,Underperforming,Low Demand Zone,22630,50200,0.8823364952571143,27570,9.42116307966649,57637,1200.7708333333333,1045.8333333333333,102.29166666666667,9.879610283460513,96.50221325196142,53.0
WH196,San Francisco,4812,751,10,6,21,33970,S813,Electronics,2245,2.995534915464789,5.9240015625511,3.023004541028902,10905,18866,7405,108,10,75,8.99553491546479,29.933333333333334,0.0013343139935255185,-1494,Overstock,0.44126547455295734,High,0.46654197838736494,Dead Stock,0.0020781379883624274,-1494,Under-Forecast,2.989347536617843,Highly Overperforming,Low Demand Zone,26271,112250,0.9259277469003848,85979,10.17782391016184,7699,102.65333333333334,1496.6666666666667,64.16,22.09135964777774,94.57609983063918,58.0
WH054,New York,3234,4239,8,7,17,53723,S156,Electronics,8678,3.370670330098038,6.243344098842718,4.161418912257416,18257,18102,8880,74,41,61,10.370670330098038,142.2622950819672,0.00038841557157156463,-4439,Shortage,0.17713753628745138,Low,2.683364254792826,Fast Moving,0.012677798392084107,-4439,Under-Forecast,2.0471809389006843,Highly Overperforming,Future Demand Zone,26982,433900,0.9432571632953145,406918,8.676806569170441,26741,438.37704918032784,7113.11475409836,53.01639344262295,85.39368330664377,63.56174290363406,74.0
WH462,Atlanta,3142,2856,9,4,15,97968,S728,Automotive,3289,2.677728250372465,2.4261451018207167,1.8289441819918664,18089,19529,7146,223,15,86,6.677728250372465,38.24418604651163,0.0008141466252272621,-433,Overstock,0.17369672176460832,Low,1.0467854869509867,Healthy,0.004774029280712922,-433,Under-Forecast,1.151610644257703,Accurate,Low Demand Zone,26675,164450,0.8377926421404682,137775,6.729275739330429,71293,828.9883720930233,1912.2093023255813,36.53488372093023,32.36457990269086,61.753554793821344,47.0
WH221,Chicago,4943,3956,4,3,15,93573,S697,Electronics,5874,0.7745312008658547,1.7342193183873578,4.332292856692737,11235,7855,14611,76,44,28,3.7745312008658547,209.78571428571428,0.0001318575418566317,-1918,Overstock,0.4399643969737428,High,1.1883471575966011,Healthy,0.008901476835929597,-1918,Under-Forecast,1.4848331648129425,Overperforming,Future Demand Zone,22466,293700,0.8785737643063766,271234,6.522936238566986,71107,2539.535714285714,10489.285714285714,176.53571428571428,57.80162430781579,97.15080246526381,77.0
WH251,Denver,3252,4110,9,1,23,31002,S244,Apparel,7620,4.231503634204799,4.904070449933503,4.391785540115457,26329,2308,9978,268,34,84,5.231503634204799,90.71428571428571,0.0005553154375596849,-3510,Shortage,0.12351399597402105,Low,2.3431734317343174,Fast Moving,0.010455104551045511,-3510,Under-Forecast,1.854014598540146,Overperforming,Future Demand Zone,12286,381000,0.967753280839895,368714,10.674357666345365,18716,222.8095238095238,4535.714285714285,38.714285714285715,74.98269956172223,63.91551883816264,69.0
WH118,Seattle,2936,1810,7,1,15,85788,S871,Electronics,2984,0.971550171935548,5.255492601715046,2.084627519019276,12727,1632,12062,260,41,56,1.9715501719355482,53.285714285714285,0.00032558651874515685,-1174,Overstock,0.2306906576569498,Low,1.0163487738419619,Healthy,0.013964577656675749,-1174,Under-Forecast,1.6486187845303868,Overperforming,Low Demand Zone,13694,149200,0.9082171581769437,135506,7.580837153811516,72094,1287.392857142857,2664.285714285714,52.42857142857143,29.363303870364714,57.70478576532764,44.0
WH358,Houston,1336,2299,3,7,16,58287,S207,Automotive,6728,0.8639036957819688,4.665251033426094,3.334094526064494,41200,3103,9223,270,5,65,7.863903695781969,103.50769230769231,0.0001284042354016006,-4429,Shortage,0.032427184466019415,Very Low,5.0359281437125745,Very Fast,0.0037425149700598802,-4429,Under-Forecast,2.9264897781644192,Highly Overperforming,Under-Forecast Zone,12326,336400,0.963359096313912,324074,7.800698064518846,45961,707.0923076923077,5175.384615384615,20.553846153846155,66.20519719832902,26.25803602945427,46.0
WH225,San Francisco,2338,2984,5,6,16,99158,S273,Furniture,9782,3.897356309553997,7.300319872222429,1.764712758016008,49023,13849,14520,249,8,64,9.897356309553997,152.84375,0.0003984212134076873,-6798,Shortage,0.04769189972053934,Very Low,4.183917878528657,Fast Moving,0.003421727972626176,-6798,Under-Forecast,3.2781501340482575,Highly Overperforming,Under-Forecast Zone,28369,489100,0.9339146479376228,460731,8.591122480058518,70789,1106.078125,7642.1875,36.53125,96.2573185187358,45.95156305154497,71.0
WH353,Atlanta,1817,5158,7,3,18,80216,S968,Groceries,5974,3.47067250229178,6.361999198461259,4.439038583223961,39379,8720,13741,158,11,96,6.47067250229178,62.229166666666664,0.0005809629230485068,-816,Shortage,0.046141344371365446,Very Low,3.2878370941111723,Fast Moving,0.006053935057787562,-816,Under-Forecast,1.1582008530438155,Accurate,Future Demand Zone,22461,298700,0.9479895059029296,276239,9.110415940055715,57755,601.6145833333334,3111.4583333333335,18.927083333333332,58.78564923644732,35.711715168801206,47.0
WH420,San Francisco,3889,4046,2,2,20,66747,S595,Apparel,4067,4.715296744000979,7.868701786520098,4.406759226158186,39899,19918,1522,149,7,21,6.715296744000979,193.66666666666666,0.0011594041662161248,-21,Shortage,0.09747111456427479,Very Low,1.0457701208536898,Healthy,0.0017999485728979173,-21,Under-Forecast,1.005190311418685,Accurate,Unmet Demand Zone,21440,203350,0.9042066918510524,181910,10.361150520527898,45307,2157.4761904761904,9683.333333333334,185.1904761904762,40.02029384744413,76.43525607675723,58.0
WH239,Miami,2435,3823,10,1,15,55720,S284,Groceries,3797,3.469364786796328,3.163697658230109,3.7893222324034728,46320,6255,7436,25,24,29,4.469364786796328,130.93103448275863,0.000913712085013518,26,Shortage,0.05256908462867012,Very Low,1.5593429158110883,Healthy,0.009856262833675565,26,Overestimate (Unmet Demand),0.9931990583311535,Slightly Under,Unmet Demand Zone,13691,189850,0.9330101626016261,176159,6.952066176319136,42029,1449.2758620689656,6546.551724137931,83.96551724137932,37.36342654013901,47.8580222542823,43.0
WH491,Miami,4508,2131,5,2,11,72094,S232,Automotive,5076,1.804647088640153,2.5747090480397805,4.605613554242797,10464,13887,5737,110,6,75,3.804647088640153,67.68,0.00035552543117418304,-2945,Overstock,0.4308103975535168,High,1.1259982253771075,Healthy,0.0013309671694764862,-2945,Under-Forecast,2.3819802909432193,Highly Overperforming,Low Demand Zone,19624,253800,0.9422021419009371,234176,5.172812004562777,52470,699.6,3384.0,60.10666666666667,49.949105377336224,88.60121738082324,69.0
WH465,Houston,4939,2881,10,6,14,82802,S505,Groceries,9078,0.5340617459330065,1.291893180445284,4.194979731770829,29356,10599,951,137,27,23,6.534061745933006,394.69565217391306,5.883033112282513e-05,-6197,Overstock,0.16824499250579097,Low,1.8380238914760072,Healthy,0.005466693662684754,-6197,Under-Forecast,3.1509892398472754,Highly Overperforming,Under-Forecast Zone,11550,453900,0.9745538664904164,442350,5.989207962232391,71252,3097.913043478261,19734.782608695652,214.7391304347826,89.32978302116986,97.07218559092412,93.0
WH439,Dallas,3555,4504,5,6,16,49831,S925,Electronics,4434,3.2506152204146623,6.805738656566702,3.567064375231698,40412,4257,7568,141,45,91,9.250615220414662,48.72527472527472,0.0007331112359978941,70,Shortage,0.08796892012273583,Very Low,1.2472573839662446,Healthy,0.012658227848101266,70,Overestimate (Unmet Demand),0.9844582593250444,Slightly Under,Unmet Demand Zone,11825,221700,0.9466621560667569,209875,8.44551906532444,38006,417.64835164835165,2436.263736263736,39.065934065934066,43.63166533552183,69.87074706939366,57.0
WH422,Miami,1219,4620,8,4,12,87187,S138,Automotive,3844,2.9478697378158336,7.146980659168711,1.4941282997652303,13414,2093,8128,274,49,23,6.947869737815834,167.1304347826087,0.0007668755821581253,776,Shortage,0.09087520500969137,Very Low,3.1534044298605415,Fast Moving,0.04019688269073011,776,Overestimate (Unmet Demand),0.832034632034632,Underperforming,Unmet Demand Zone,10221,192200,0.9051585750789117,181979,6.956153262557833,76966,3346.3478260869565,8356.521739130434,53.0,37.82591825659583,23.95849245501853,31.0
WH162,Chicago,2737,1503,5,3,17,72351,S256,Electronics,6939,4.454161447040795,4.059557449189448,2.5056628129128966,42643,7212,8668,0,46,78,7.454161447040795,88.96153846153847,0.0006419024999338225,-5436,Overstock,0.06418403958445701,Very Low,2.535257581293387,Fast Moving,0.01680672268907563,-5436,Under-Forecast,4.616766467065868,Highly Overperforming,Under-Forecast Zone,15880,346950,0.9074704671074022,331070,8.022909251563558,56471,723.9871794871794,4448.076923076923,35.08974358974359,68.28148979774153,53.7935962669284,61.0
WH381,Los Angeles,3835,969,9,2,5,62446,S325,Furniture,3646,4.935029275823371,5.120439655264492,1.00482548387703,22411,6006,6845,77,18,15,6.935029275823371,243.06666666666666,0.001353546153544534,-2677,Overstock,0.17112132434964972,Low,0.9507170795306389,Slow Moving,0.00469361147327249,-2677,Under-Forecast,3.762641898864809,Highly Overperforming,Low Demand Zone,12851,182300,0.9295063082830499,169449,3.5375399800213296,49595,3306.3333333333335,12153.333333333334,255.66666666666666,35.87754889790541,75.3739282731715,56.0
WH433,San Francisco,1011,4060,5,5,21,76238,S963,Apparel,3308,3.417961865341944,7.173437635096746,2.411667412615189,34918,2038,14626,258,46,48,8.417961865341944,68.91666666666667,0.0010332411926668513,752,Shortage,0.028953548313190903,Very Low,3.2720079129574677,Fast Moving,0.04549950544015826,752,Overestimate (Unmet Demand),0.8147783251231527,Underperforming,Unmet Demand Zone,16664,165400,0.8992503022974607,148736,10.565681142161072,59574,1241.125,3445.8333333333335,21.0625,32.55154463913085,19.87041498935499,26.0
WH417,Denver,3017,3410,7,7,16,95929,S365,Automotive,5507,3.810683966078039,9.44045105144236,1.2332601283929705,41470,15077,13522,242,44,58,10.810683966078038,94.94827586206897,0.0006919709399088504,-2097,Shortage,0.07275138654449,Very Low,1.8253231687106397,Healthy,0.014584023864766324,-2097,Under-Forecast,1.6149560117302053,Overperforming,Future Demand Zone,28599,275350,0.8961358271291084,246751,9.236510522592138,67330,1160.8620689655172,4747.413793103448,52.01724137931034,54.19025281973809,59.29677747070623,57.0
WH271,Houston,2190,4409,5,7,21,99472,S891,Furniture,3787,4.706867146324203,1.170620771304119,3.318058985084025,39709,11486,4392,80,13,71,11.706867146324203,53.33802816901409,0.0012429012797264861,622,Shortage,0.05515122516306127,Very Low,1.7292237442922374,Healthy,0.005936073059360731,622,Overestimate (Unmet Demand),0.8589249262871399,Underperforming,Unmet Demand Zone,15878,189350,0.9161447055716926,173472,8.752967053309044,83594,1177.380281690141,2666.9014084507044,30.845070422535212,37.26502404727586,43.042738700976685,40.0
WH349,Los Angeles,2308,724,5,1,16,92173,S273,Electronics,3727,4.904813561110809,9.992465129205904,2.8874223936333463,49852,12760,11568,240,36,31,5.904813561110809,120.2258064516129,0.0013160218838504988,-3003,Overstock,0.046297039236138975,Very Low,1.6148180242634316,Healthy,0.01559792027729636,-3003,Under-Forecast,5.147790055248619,Highly Overperforming,Low Demand Zone,24328,186350,0.9037658017298736,162022,9.40241891484496,67845,2188.548387096774,6011.290322580645,74.45161290322581,36.67460909009694,45.36193649399735,41.0
WH026,Houston,1992,4773,5,4,12,36291,S219,Groceries,4612,1.79335041838702,4.670677887423413,1.6984218280341103,16817,11598,10070,107,48,37,5.7933504183870195,124.64864864864865,0.00038884440988443624,161,Shortage,0.11845156686686091,Low,2.3152610441767068,Fast Moving,0.024096385542168676,161,Overestimate (Unmet Demand),0.9662685941755709,Slightly Under,Unmet Demand Zone,21668,230600,0.9006245690079795,208932,6.208432281889675,14623,395.2162162162162,6232.4324324324325,53.83783783783784,45.38322970848594,39.15120342116235,42.0
WH347,Atlanta,1284,4240,8,5,24,91504,S898,Groceries,8173,0.7519325283305757,5.201192274058323,2.394329744532264,14075,3025,12889,172,31,10,5.751932528330576,817.3,9.200202230889216e-05,-3933,Shortage,0.09122557726465363,Very Low,6.3652647975077885,Very Fast,0.024143302180685357,-3933,Under-Forecast,1.9275943396226416,Overperforming,Future Demand Zone,15914,408650,0.933790246460409,392736,11.167600672871703,75590,7559.0,40865.0,128.4,80.42435741705455,25.236016663038384,53.0
WH219,Dallas,3921,4064,10,3,16,46284,S648,Furniture,7361,1.0957766865508287,9.992382013245598,3.080971229791734,42770,11017,1729,99,45,13,4.0957766865508285,566.2307692307693,0.00014886247609711026,-3297,Shortage,0.0916764086976853,Very Low,1.8773272124458047,Healthy,0.011476664116296864,-3297,Under-Forecast,1.8112696850393701,Overperforming,Future Demand Zone,12746,368050,0.9653688357560114,355304,9.401157603208567,33538,2579.846153846154,28311.53846153846,301.61538461538464,72.43407499656657,77.0641910714747,75.0
WH444,New York,2214,1757,10,7,25,34912,S677,Apparel,9432,3.1286587654929203,2.0860709896506924,2.0778222682440077,15788,10598,3113,233,48,52,10.12865876549292,181.3846153846154,0.0003317068241616752,-7675,Overstock,0.14023308842158602,Low,4.260162601626016,Fast Moving,0.02168021680216802,-7675,Under-Forecast,5.368241320432555,Highly Overperforming,Under-Forecast Zone,13711,471600,0.9709266327396099,457889,10.632325361935857,21201,407.71153846153845,9069.23076923077,42.57692307692308,92.81323126852546,43.514439947014786,68.0
WH393,Denver,3352,1825,9,4,8,65532,S403,Automotive,7382,0.8571721065544426,2.5989405231996883,4.068151559759741,45742,6788,11258,48,16,44,4.857172106554443,167.77272727272728,0.00011611651402796568,-5557,Overstock,0.07328057365222335,Very Low,2.202267303102625,Fast Moving,0.00477326968973747,-5557,Under-Forecast,4.0449315068493155,Highly Overperforming,Under-Forecast Zone,18046,369100,0.951108100785695,351054,3.981114137866828,47486,1079.2272727272727,8388.636363636364,76.18181818181819,72.6407202315792,65.88094069665472,69.0
WH121,Dallas,4422,3216,3,6,19,51038,S596,Automotive,8910,1.7045137649212243,7.90822841050626,4.564097867210652,31151,12442,3752,179,34,26,7.7045137649212245,342.6923076923077,0.0001913034528531116,-5694,Overstock,0.14195370935122467,Low,2.014925373134328,Fast Moving,0.007688828584350972,-5694,Under-Forecast,2.7705223880597014,Highly Overperforming,Future Demand Zone,16194,445500,0.9428873189181475,429306,9.974775171727183,34844,1340.1538461538462,17134.615384615383,170.07692307692307,87.67662114106889,86.91095458252005,87.0
WH366,New York,3904,1956,6,6,16,96162,S473,Groceries,4401,3.552024617650632,6.061995903331615,3.484360598874748,26040,3997,1846,277,34,36,9.552024617650632,122.25,0.0008070948915361581,-2445,Overstock,0.1499231950844854,Low,1.1273053278688525,Healthy,0.008709016393442622,-2445,Under-Forecast,2.25,Highly Overperforming,Low Demand Zone,5843,220050,0.9005905920759757,214207,8.221211475917517,90319,2508.8611111111113,6112.5,108.44444444444444,43.306937109073424,76.73006935553104,60.0
WH420,Houston,778,4266,6,5,18,36339,S645,Furniture,6029,1.772902038318377,3.2001639973856064,1.634038370137712,33230,18911,2535,291,15,69,6.772902038318377,87.3768115942029,0.000294062371590376,-1763,Shortage,0.02341257899488414,Very Low,7.749357326478149,Very Fast,0.019280205655526992,-1763,Under-Forecast,1.4132676980778247,Overperforming,Future Demand Zone,21446,301450,0.9042066918510524,280004,8.16583326091234,14893,215.84057971014494,4368.840579710145,11.27536231884058,59.326862947194655,15.29098205906843,37.0
WH324,Los Angeles,1691,4729,4,5,24,98302,S501,Apparel,1842,1.202884090053559,9.751962347045158,4.226509696697865,19745,19929,14181,205,6,12,6.2028840900535585,153.5,0.0006530315364025836,2887,Shortage,0.0856419346670043,Very Low,1.0892962743938497,Healthy,0.0035481963335304554,2887,Overestimate (Unmet Demand),0.3895115246352294,Underperforming,Unmet Demand Zone,34110,92100,0.6296416938110749,57990,12.526653163013608,64192,5349.333333333333,7675.0,140.91666666666666,18.125739185392696,33.235283627101175,26.0
WH363,Denver,3150,4731,9,4,17,52286,S612,Electronics,1253,1.4616347039308113,6.15396864284652,4.331673334360975,28836,18445,4379,142,10,67,5.4616347039308115,18.70149253731343,0.001166508143600009,3478,Shortage,0.10923845193508115,Low,0.3977777777777778,Dead Stock,0.0031746031746031746,3478,Overestimate (Unmet Demand),0.26484886916085393,Underperforming,Unmet Demand Zone,22824,62650,0.6356903431763767,39826,8.647142973806337,29462,439.7313432835821,935.0746268656717,47.014925373134325,12.32983235575301,61.91078854250071,37.0
WH030,New York,3930,1197,10,1,13,66480,S123,Apparel,9448,2.583968438359283,8.334399681302603,3.6052645068224303,36144,3341,6868,214,36,34,3.583968438359283,277.88235294117646,0.0002734936958466642,-8251,Overstock,0.10873173970783533,Low,2.4040712468193384,Fast Moving,0.00916030534351145,-8251,Under-Forecast,7.893065998329156,Highly Overperforming,Under-Forecast Zone,10209,472400,0.9783890770533447,462191,7.703067995993835,56271,1655.0294117647059,13894.117647058823,115.58823529411765,92.9706752571065,77.24107903873897,85.0
WH119,Miami,1100,2919,9,5,16,79205,S795,Groceries,5735,4.508077237251215,7.684174013267885,4.629416284556829,28489,5217,14484,147,36,74,9.508077237251214,77.5,0.0007860640343942834,-2816,Shortage,0.038611393871318754,Very Low,5.213636363636364,Very Fast,0.03272727272727273,-2816,Under-Forecast,1.9647139431312093,Overperforming,Under-Forecast Zone,19701,286750,0.920075329566855,267049,8.715070385798546,59504,804.1081081081081,3875.0,14.864864864864865,56.433829657017974,21.619640443412948,39.0
WH314,New York,794,2163,8,6,11,93008,S443,Groceries,1448,3.847996064051405,1.0723231957888577,1.549873626692161,25387,5083,5620,97,41,9,9.847996064051404,160.88888888888889,0.002657455845339368,715,Shortage,0.03127584984440856,Very Low,1.8236775818639799,Healthy,0.05163727959697733,715,Overestimate (Unmet Demand),0.6694405917706888,Underperforming,Low Demand Zone,10703,72400,0.8521685082872928,61697,4.737188142615751,82305,9145.0,8044.444444444444,88.22222222222223,14.248680966584486,15.605449556427162,15.0
WH436,New York,4553,955,5,7,7,77040,S989,Furniture,4390,2.7710131401185234,2.5419419878140785,3.857427760109577,32777,11404,2328,5,22,8,9.771013140118523,548.75,0.0006312102824871351,-3435,Overstock,0.13890838087683435,Low,0.9641994289479464,Slow Moving,0.004831978915001098,-3435,Under-Forecast,4.596858638743456,Highly Overperforming,Low Demand Zone,13732,219500,0.9260082721364058,205768,3.564032190018724,63308,7913.5,27437.5,569.125,43.19869436692396,89.48565721714468,66.0
WH390,Dallas,3530,1066,8,1,19,68576,S927,Furniture,2204,1.195314910892917,9.38169165487513,4.262431387105646,15844,11824,13391,277,7,28,2.1953149108929173,78.71428571428571,0.0005423388887898897,-1138,Overstock,0.2227972734158041,Low,0.6243626062322947,Slow Moving,0.00198300283286119,-1138,Under-Forecast,2.0675422138836774,Highly Overperforming,Low Demand Zone,25215,110200,0.7838133764832794,84985,10.415102397312397,43361,1548.607142857143,3935.714285714286,126.07142857142857,21.687909427038814,69.37939160477063,46.0
WH204,New York,4161,4769,2,6,25,64773,S364,Furniture,7505,4.846602061641753,5.889543245112575,1.5720083203072337,27050,4514,2645,98,46,50,10.846602061641754,150.1,0.0006457830861614594,-2736,Shortage,0.15382624768946396,Low,1.8036529680365296,Healthy,0.011055034847392453,-2736,Under-Forecast,1.5737051792828685,Overperforming,Future Demand Zone,7159,375250,0.978016286046654,368091,11.77017948398799,57614,1152.28,7505.0,83.22,73.85107089379596,81.7812035318557,78.0
WH032,Atlanta,3103,1480,8,3,13,79160,S386,Furniture,9252,3.0251615946075354,8.186045360863538,1.0818871758123323,19103,7872,1947,131,0,14,6.025161594607535,660.8571428571429,0.00032697379967656026,-7772,Overstock,0.16243521959901586,Low,2.9816306799871093,Fast Moving,0.0,-7772,Under-Forecast,6.251351351351351,Highly Overperforming,Under-Forecast Zone,9819,462600,0.9787743190661479,452781,7.655813608259061,69341,4952.928571428572,33042.857142857145,221.64285714285714,91.04198639698872,60.98704026900943,76.0
WH313,Chicago,2208,1610,3,7,11,34878,S612,Apparel,8124,1.420225817972791,3.38756589073306,1.3920347571825458,23458,16194,1647,72,47,89,8.42022581797279,91.28089887640449,0.0001748185398784824,-6514,Overstock,0.09412567141273766,Very Low,3.6793478260869565,Fast Moving,0.021286231884057972,-6514,Under-Forecast,5.0459627329192545,Highly Overperforming,Under-Forecast Zone,17841,406200,0.9560782865583456,388359,5.4226556367851355,17037,191.42696629213484,4564.044943820225,24.808988764044944,79.94218520202512,43.39651463550526,62.0
WH187,Dallas,1010,4507,5,6,20,61693,S488,Groceries,3900,2.524264565346945,4.668143781040118,3.05819686794994,14077,12042,5816,271,9,23,8.524264565346945,169.56521739130434,0.0006472473244479345,607,Shortage,0.07174824181288626,Very Low,3.8613861386138613,Fast Moving,0.00891089108910891,607,Overestimate (Unmet Demand),0.8653206123807411,Underperforming,Unmet Demand Zone,17858,195000,0.939633220910624,177142,9.403116401638767,43835,1905.8695652173913,8478.260869565218,43.91304347826087,38.37697221662948,19.85076077077007,29.0
WH490,Los Angeles,1734,3809,10,5,7,85301,S387,Groceries,1535,4.595209993614094,6.015609742094156,3.1869844226006925,42089,19944,8555,164,37,67,9.595209993614095,22.91044776119403,0.002993622145676934,2274,Shortage,0.04119841288697759,Very Low,0.8852364475201846,Slow Moving,0.021337946943483274,2274,Overestimate (Unmet Demand),0.40299291152533473,Underperforming,Unmet Demand Zone,28499,76750,0.8084782608695652,48251,4.611084306711292,56802,847.7910447761194,1145.5223880597016,25.880597014925375,15.104782654493912,34.08041502625277,25.0
WH396,Los Angeles,4689,620,7,2,9,96508,S142,Electronics,2833,4.108624404006396,8.824586437609986,2.7413256718366026,10597,19812,13221,144,8,79,6.108624404006396,35.860759493670884,0.001450273351220048,-2213,Overstock,0.4424837218080589,High,0.6041799957346983,Slow Moving,0.0017061207080400938,-2213,Under-Forecast,4.569354838709677,Highly Overperforming,Low Demand Zone,33033,141650,0.7667984468761031,108617,6.247887767495407,63475,803.4810126582279,1793.0379746835442,59.35443037974684,27.87742622813111,92.15863094469391,60.0
WH075,Houston,2578,4206,2,4,8,73583,S771,Furniture,5971,4.515413487345189,7.364516719676369,4.1730108805110095,47323,11323,11581,153,11,79,8.515413487345189,75.58227848101266,0.0007562239972107165,-1765,Shortage,0.05447668152906621,Very Low,2.3161365399534524,Fast Moving,0.004266873545384018,-1765,Under-Forecast,1.4196386115073705,Overperforming,Future Demand Zone,22904,298550,0.9232825322391559,275646,5.410635077966526,50679,641.506329113924,3779.1139240506327,32.63291139240506,58.756128488588374,50.66857551192598,55.0
WH257,Houston,839,2010,10,1,13,69694,S708,Apparel,4652,1.5356456626670991,7.649802840709654,2.079390419609944,41031,19979,13698,289,26,90,2.535645662667099,51.68888888888889,0.0003301043986816636,-2642,Shortage,0.020447953986010577,Very Low,5.544696066746126,Very Fast,0.03098927294398093,-2642,Under-Forecast,2.3144278606965174,Highly Overperforming,Low Demand Zone,33677,232600,0.8951268405180061,198923,7.504237634096091,36017,400.18888888888887,2584.4444444444443,9.322222222222223,45.776839679938554,16.4898893927486,31.0
WH380,Denver,1295,1850,8,2,6,86908,S873,Automotive,7556,4.1523788582461485,4.041980619757947,2.891640217548696,10776,2975,2045,45,6,12,6.1523788582461485,629.6666666666666,0.0005495472284603162,-5706,Shortage,0.12017446176688938,Low,5.834749034749035,Very Fast,0.004633204633204633,-5706,Under-Forecast,4.084324324324324,Highly Overperforming,Under-Forecast Zone,5020,377800,0.9867125463208046,372780,3.6139841473173457,81888,6824.0,31483.333333333332,107.91666666666667,74.35292360739804,25.452213067472513,50.0
WH286,Denver,4552,2103,10,3,19,74330,S454,Apparel,7955,1.7702858554788303,3.864810197931973,2.1094010880683984,22787,4803,1858,143,41,98,4.77028585547883,81.1734693877551,0.00022253750540274423,-5852,Overstock,0.1997630227761443,Low,1.7475834797891037,Healthy,0.009007029876977152,-5852,Under-Forecast,3.7826913932477413,Highly Overperforming,Under-Forecast Zone,6661,397750,0.9389265282063729,391089,8.762145168342686,67669,690.5,4058.673469387755,46.44897959183673,78.27918307263784,89.46600299855976,84.0
WH076,Houston,2468,1696,8,2,17,73989,S635,Furniture,8653,1.4090732974021467,9.62770978461267,3.5687157703759174,20971,7064,8104,113,23,100,3.4090732974021467,86.53,0.00016284217004531917,-6957,Overstock,0.11768632873968814,Low,3.5060777957860614,Fast Moving,0.009319286871961102,-6957,Under-Forecast,5.102004716981132,Highly Overperforming,Under-Forecast Zone,15168,432650,0.96494163873801,417482,9.69110872144539,58821,588.21,4326.5,24.68,85.14767707448588,48.50661146758468,67.0
WH387,Atlanta,2420,3470,6,6,24,32599,S872,Groceries,2840,4.907269903757063,9.244001489616153,3.27482587646642,16208,16299,10144,50,2,54,10.907269903757063,52.592592592592595,0.001727911937942628,630,Shortage,0.14930898321816388,Low,1.1735537190082646,Healthy,0.0008264462809917355,630,Overestimate (Unmet Demand),0.8184438040345822,Underperforming,Unmet Demand Zone,26443,142000,0.8516512363764209,115557,12.373448380769146,6156,114.0,2629.6296296296296,44.81481481481482,27.946307973135315,47.56320897550848,38.0
WH342,Los Angeles,802,1651,5,5,25,98483,S928,Furniture,5708,3.840250627071274,7.202271729027608,3.701300823582167,42957,11639,14914,34,28,86,8.840250627071274,66.37209302325581,0.0006727839220517299,-4057,Shortage,0.018669832623320996,Very Low,7.117206982543641,Very Fast,0.034912718204488775,-4057,Under-Forecast,3.457298606904906,Highly Overperforming,Under-Forecast Zone,26553,285400,0.9069621583742117,258847,12.17115533416963,71930,836.3953488372093,3318.6046511627906,9.325581395348838,56.16814292628746,15.76268330510653,36.0
WH453,New York,1322,4183,9,7,13,73377,S434,Automotive,6710,3.276076044695144,7.01440767031808,1.1617849613965467,42688,4554,936,299,33,44,10.276076044695143,152.5,0.00048823786061030457,-2527,Shortage,0.03096889055472264,Very Low,5.075642965204236,Very Fast,0.024962178517397883,-2527,Under-Forecast,1.6041118814248148,Overperforming,Future Demand Zone,5490,335500,0.9836363636363636,330010,7.311810954650643,67887,1542.8863636363637,7625.0,30.045454545454547,66.02807271117534,25.982876969265376,46.0
WH473,Atlanta,4966,4469,10,7,5,33179,S181,Electronics,8446,4.379972845132558,8.291569101005035,4.275251089762135,25568,18319,7078,227,32,77,11.379972845132558,109.68831168831169,0.000518585465916713,-3977,Overstock,0.19422715894868586,Low,1.7007652033830045,Healthy,0.00644381796214257,-3977,Under-Forecast,1.889908256880734,Overperforming,Future Demand Zone,25397,422300,0.9613438368860056,396903,4.489403875690153,7782,101.06493506493507,5484.415584415585,64.49350649350649,83.11074547221862,97.60284949271698,90.0
WH195,Los Angeles,2482,1780,9,6,12,74035,S188,Automotive,3562,0.7055232818868602,7.118490485729158,3.148438483772377,47194,1901,12651,222,13,95,6.70552328188686,37.49473684210526,0.0001980694222029366,-1782,Overstock,0.052591431114124676,Very Low,1.435132957292506,Healthy,0.005237711522965351,-1782,Under-Forecast,2.001123595505618,Highly Overperforming,Low Demand Zone,14552,178100,0.9318633418417436,163548,6.937118459175638,59483,626.1368421052632,1874.7368421052631,26.126315789473683,35.05096795785493,48.781770527773574,42.0
WH419,Seattle,4615,2767,7,3,14,57295,S112,Furniture,9618,2.375159432235976,4.356989296573016,3.7541779931818136,28007,3193,9014,13,36,57,5.375159432235976,168.73684210526315,0.0002469494107128276,-6851,Overstock,0.16478023351305032,Low,2.0840736728060674,Fast Moving,0.007800650054171181,-6851,Under-Forecast,3.475966750993856,Highly Overperforming,Under-Forecast Zone,12207,480900,0.9400827566526361,468693,6.909436983988157,45088,791.0175438596491,8436.842105263158,80.96491228070175,94.6435176357801,90.70421876940976,93.0
WH315,New York,1864,4837,5,1,5,82497,S709,Furniture,4968,1.4000955742110597,1.5367165720100222,3.948053789797637,49764,6405,8691,138,16,28,2.4000955742110595,177.42857142857142,0.00028182278063829705,-131,Shortage,0.037456796077485734,Very Low,2.665236051502146,Fast Moving,0.008583690987124463,-131,Under-Forecast,1.0270829026255943,Accurate,Unmet Demand Zone,15096,248400,0.9394088322674857,233304,2.463590078899144,67401,2407.1785714285716,8871.42857142857,66.57142857142857,48.88635845441417,36.63546344229248,43.0
WH397,Atlanta,1594,2760,2,6,9,98567,S813,Apparel,2433,3.718506497301825,8.225946266682598,4.561284602274007,10576,14648,14169,129,19,67,9.718506497301824,36.3134328358209,0.0015283627198116833,327,Shortage,0.15071860816944024,Low,1.5263488080301129,Healthy,0.01191969887076537,327,Overestimate (Unmet Demand),0.8815217391304347,Underperforming,Low Demand Zone,28817,121650,0.8979273643917468,92833,6.071359789666009,69750,1041.044776119403,1815.6716417910447,23.791044776119403,23.94132651360501,31.32882442436385,28.0
WH492,San Francisco,1967,442,7,1,6,34205,S287,Furniture,5005,2.195862453880833,5.268478281871635,3.614909378122749,21377,3361,9361,75,39,7,3.195862453880833,715.0,0.0004387337570191474,-4563,Overstock,0.09201478224259718,Very Low,2.5444839857651247,Fast Moving,0.019827147941026944,-4563,Under-Forecast,11.323529411764707,Highly Overperforming,Low Demand Zone,12722,250250,0.8823364952571143,237528,3.986491628943799,21483,3069.0,35750.0,281.0,49.25044767800784,38.65984795653933,44.0
WH040,Houston,863,4365,5,7,10,31316,S153,Furniture,2078,3.2414573016733064,2.493200356099349,3.845446886297575,25078,11949,11131,201,41,18,10.241457301673307,115.44444444444444,0.0015598928304491368,2287,Shortage,0.03441263258633065,Very Low,2.4078794901506373,Fast Moving,0.047508690614136734,2287,Overestimate (Unmet Demand),0.4760595647193585,Underperforming,Unmet Demand Zone,23080,103900,0.7778633301251203,80820,4.762212714014045,8236,457.55555555555554,5772.222222222223,47.94444444444444,20.448038016963093,16.961590638786703,19.0
WH109,Denver,4748,4753,3,6,16,67320,S193,Groceries,2960,2.882183340289632,5.724938790291498,1.9200545874933583,35955,19702,9406,116,26,56,8.882183340289632,52.857142857142854,0.0009737105879356865,1793,Shortage,0.13205395633430678,Low,0.6234203875315922,Slow Moving,0.005475989890480202,1793,Overestimate (Unmet Demand),0.6227645697454239,Underperforming,Unmet Demand Zone,29108,148000,0.8789061934081854,118892,8.119124434054592,38212,682.3571428571429,2642.8571428571427,84.78571428571429,29.127137887493145,93.31822984120424,61.0
WH104,San Francisco,3963,4359,8,4,19,95995,S732,Furniture,7022,3.680100359494773,7.211697756438308,4.568314269746979,15192,5196,11137,228,46,29,7.680100359494773,242.13793103448276,0.000524081509469492,-2663,Shortage,0.2608609794628752,Moderate,1.7718899823366137,Healthy,0.0116073681554378,-2663,Under-Forecast,1.6109199357650836,Overperforming,Future Demand Zone,16333,351100,0.9534804898889205,334767,9.766991537378123,79662,2746.9655172413795,12106.896551724138,136.6551724137931,69.0982304885057,77.88966825204137,73.0
WH129,Miami,4049,3732,6,2,13,64539,S461,Automotive,8796,2.987334537572503,4.877972884264882,4.78904211941164,34165,15396,9246,78,32,6,4.987334537572503,1466.0,0.00033962420845526413,-5064,Overstock,0.1185130981999122,Low,2.172388244010867,Fast Moving,0.0079031859718449,-5064,Under-Forecast,2.356913183279743,Highly Overperforming,Future Demand Zone,24642,439800,0.9106803984467331,415158,6.665762821071018,39897,6649.5,73300.0,674.8333333333334,86.55483272242896,79.57993105034457,83.0
WH430,Atlanta,680,3984,2,3,11,91042,S381,Automotive,1825,2.2104470795660154,8.816115860873305,3.3572875375798232,15155,9438,4296,47,27,98,5.210447079566015,18.622448979591837,0.0012112038792142551,2159,Shortage,0.04486967997360607,Very Low,2.6838235294117645,Fast Moving,0.039705882352941174,2159,Overestimate (Unmet Demand),0.45808232931726905,Underperforming,Unmet Demand Zone,13734,91250,0.8494904109589041,77516,7.056746522967874,77308,788.8571428571429,931.1224489795918,6.938775510204081,17.958454947525336,13.364868637746184,16.0
WH389,San Francisco,2172,3321,2,5,9,60429,S902,Automotive,8783,1.747484223255367,3.062882015255468,3.637114218696913,47296,19538,10792,201,22,14,6.747484223255367,627.3571428571429,0.00019896211126669327,-5462,Shortage,0.04592354533152909,Very Low,4.043738489871086,Fast Moving,0.010128913443830571,-5462,Under-Forecast,2.6446853357422464,Highly Overperforming,Future Demand Zone,30330,439150,0.9446912804399057,408820,4.5219032786097895,30099,2149.9285714285716,31367.85714285714,155.14285714285714,86.42690948170686,42.68896276644811,65.0
WH086,New York,2160,1085,9,5,5,66793,S897,Apparel,1418,1.2060110313696566,7.28676562645648,1.5851295665393947,41232,5883,6290,18,21,36,6.206011031369656,39.388888888888886,0.0008505014325597014,-333,Overstock,0.05238649592549476,Very Low,0.6564814814814814,Slow Moving,0.009722222222222222,-333,Under-Forecast,1.3069124423963134,Overperforming,Low Demand Zone,12173,70900,0.8742857142857143,58727,4.188946354603611,54620,1517.2222222222222,1969.4444444444443,60.0,13.953473487995028,42.45311214342906,28.0
WH023,Atlanta,4279,3822,4,6,10,91635,S133,Furniture,6007,3.5625677110903755,8.047765808315695,3.960474932253778,18979,2775,8483,221,48,50,9.562567711090376,120.14,0.000593069370915661,-2185,Overstock,0.22545971863638758,Low,1.4038326711848563,Healthy,0.01121757419957934,-2185,Under-Forecast,1.5716902145473575,Overperforming,Future Demand Zone,11258,300350,0.954591891170979,289092,6.417695014754582,80377,1607.54,6007.0,85.58,59.11037746289572,84.10040132487636,72.0
WH242,New York,3212,2993,2,5,17,47222,S485,Groceries,4836,1.919942757694521,8.37087689398079,2.6744044998206027,12761,2360,10103,53,2,12,6.919942757694521,403.0,0.000397010495801183,-1843,Overstock,0.2517044118799467,Moderate,1.5056039850560399,Healthy,0.0006226650062266501,-1843,Under-Forecast,1.6157701303040428,Overperforming,Low Demand Zone,12463,241800,0.9217396350506157,229337,9.311449867696107,34759,2896.5833333333335,20150.0,267.6666666666667,47.58744554862056,63.129350094765805,55.0
WH320,Houston,2420,2840,2,7,25,62394,S915,Automotive,2670,2.97713452909982,4.530270796178097,4.5411389329928085,42442,2183,13272,282,46,7,9.97713452909982,381.42857142857144,0.0011150316588388839,170,Shortage,0.05701899062249658,Very Low,1.103305785123967,Healthy,0.019008264462809916,170,Overestimate (Unmet Demand),0.9401408450704225,Slightly Under,Low Demand Zone,15455,133500,0.8842322097378277,118045,11.364783718192273,46939,6705.571428571428,19071.428571428572,345.7142857142857,26.273465594461722,47.56320897550848,37.0
WH296,Seattle,1762,3916,2,4,13,36091,S746,Automotive,5329,2.9872567613607783,6.416783114267743,3.49366944054548,37245,19475,12567,16,31,91,6.987256761360778,58.56043956043956,0.0005605661027136007,-1413,Shortage,0.04730836353873003,Very Low,3.024404086265607,Fast Moving,0.017593643586833144,-1413,Under-Forecast,1.3608273748723188,Overperforming,Future Demand Zone,32042,266450,0.8797447926440233,234408,7.130313027356373,4049,44.494505494505496,2928.021978021978,19.36263736263736,52.43868844677398,34.630733146630554,44.0
WH012,Seattle,3842,4266,5,3,9,54664,S377,Electronics,6678,2.9602949082183567,4.46561468135199,3.0452131210380493,24667,12490,11557,68,11,31,5.960294908218357,215.41935483870967,0.0004432906421411136,-2412,Shortage,0.15575465196416263,Low,1.7381572097865694,Healthy,0.0028630921395106715,-2412,Under-Forecast,1.5654008438818565,Overperforming,Future Demand Zone,24047,333900,0.9555397786594279,309853,4.94054333204745,30617,987.6451612903226,10770.967741935483,123.93548387096774,65.71318473401325,75.51150780326594,71.0
WH035,Chicago,3929,3188,10,6,7,93280,S287,Automotive,9632,2.7168255094235843,4.289734236430016,3.4000754770786643,43657,5616,14651,13,32,12,8.716825509423584,802.6666666666666,0.00028206244906806314,-6444,Overstock,0.08999702224156493,Very Low,2.4515143802494275,Fast Moving,0.00814456604734029,-6444,Under-Forecast,3.0213299874529485,Highly Overperforming,Future Demand Zone,20267,481600,0.9579173588039868,461333,4.089363640743207,73013,6084.416666666667,40133.333333333336,327.4166666666667,94.78128112578851,77.22142482015406,86.0
WH093,Dallas,4224,3596,2,1,22,63818,S867,Apparel,8200,2.3700547541406656,5.289006334713199,2.6468772978064505,24435,10588,8540,297,36,75,3.3700547541406656,109.33333333333333,0.00028903106757812997,-4604,Overstock,0.17286678944137507,Low,1.941287878787879,Healthy,0.008522727272727272,-4604,Under-Forecast,2.2803114571746383,Highly Overperforming,Future Demand Zone,19128,410000,0.927279463430214,390872,10.389258718595778,44690,595.8666666666667,5466.666666666667,56.32,80.69004414778507,83.01941930270571,82.0
WH098,Dallas,3418,5130,6,3,11,97235,S670,Groceries,3468,1.440203816306644,1.3376233533736237,2.0984999138774483,38426,18176,3251,135,43,58,4.440203816306644,59.793103448275865,0.0004152836840561257,1662,Shortage,0.0889501899755374,Very Low,1.0146284376828554,Healthy,0.012580456407255705,1662,Overestimate (Unmet Demand),0.6760233918128655,Underperforming,Unmet Demand Zone,21427,173400,0.8764302191464821,151973,4.805061142934264,75808,1307.0344827586207,2989.655172413793,58.93103448275862,34.125984524941295,67.1781191232595,51.0
WH124,New York,2550,2544,5,4,18,43064,S593,Furniture,7192,1.4897770467721607,6.179666013239157,1.3514591936770874,23986,7744,13724,38,32,85,5.4897770467721605,84.61176470588235,0.00020714363831648508,-4648,Overstock,0.106312015342283,Low,2.820392156862745,Fast Moving,0.012549019607843137,-4648,Under-Forecast,2.8270440251572326,Highly Overperforming,Under-Forecast Zone,21468,359600,0.9506459513240472,338132,9.057664509854101,21596,254.0705882352941,4230.588235294118,30.0,70.7710728671793,50.11825739154819,60.0
WH183,Miami,3442,3997,3,3,18,34794,S121,Electronics,6003,2.648753847784548,7.034610802977581,3.8105603903936016,47664,5117,8157,28,26,54,5.648753847784548,111.16666666666667,0.0004412383554530315,-2006,Shortage,0.07221383014434374,Very Low,1.7440441603718768,Healthy,0.007553747821034283,-2006,Under-Forecast,1.501876407305479,Overperforming,Future Demand Zone,13274,300150,0.9373244943056264,286876,9.312649365239585,21520,398.51851851851853,5558.333333333333,63.74074074074074,59.07101646575046,67.6498203692976,63.0
WH426,Atlanta,2998,658,10,2,19,43556,S375,Electronics,8622,2.4705720423941133,7.861706326172716,4.263083670931272,37264,13469,6482,52,15,80,4.470572042394114,107.775,0.0002865428024117506,-7964,Overstock,0.08045298411335337,Very Low,2.875917278185457,Fast Moving,0.005003335557038025,-7964,Under-Forecast,13.103343465045592,Highly Overperforming,Under-Forecast Zone,19951,431100,0.9537207144514034,411149,9.960012898518928,23605,295.0625,5388.75,37.475,84.84262934661011,58.923347317592736,72.0
WH424,Seattle,1645,1998,7,4,13,85144,S339,Electronics,1803,1.917564835323991,7.341778087634344,3.784353520552647,47552,10090,9488,167,47,40,5.917564835323991,45.075,0.0010635412286877377,195,Shortage,0.03459370794078062,Very Low,1.096048632218845,Healthy,0.02857142857142857,195,Overestimate (Unmet Demand),0.9024024024024024,Slightly Under,Low Demand Zone,19578,90150,0.7828286189683861,70572,7.4111048548617315,65566,1639.15,2253.75,41.125,17.7419694632264,32.331189572194816,25.0
WH279,Los Angeles,2279,1715,3,6,19,51798,S474,Apparel,5390,2.976805287248679,7.271054630751614,2.896386379738037,17432,5887,1238,29,39,69,8.976805287248679,78.1159420289855,0.0005522829846472503,-3675,Overstock,0.1307365764111978,Low,2.3650724001755155,Fast Moving,0.017112768758227294,-3675,Under-Forecast,3.142857142857143,Highly Overperforming,Under-Forecast Zone,7125,269500,0.9735621521335807,262375,9.786450219852952,44673,647.4347826086956,3905.7971014492755,33.028985507246375,53.03894365323921,44.79196415503464,49.0
WH401,Houston,3631,4761,9,7,23,85798,S350,Apparel,1238,3.3987068793045028,4.565389420052664,2.3728713723014043,25878,3896,11847,63,43,94,10.398706879304502,13.170212765957446,0.0027453205810214075,3523,Shortage,0.1403122343303192,Low,0.3409529055356651,Dead Stock,0.011842467639768659,3523,Overestimate (Unmet Demand),0.26002940558706156,Underperforming,Unmet Demand Zone,15743,61900,0.8983982202447164,46157,10.57316956630773,70055,745.2659574468086,658.5106382978723,38.62765957446808,12.182228616458282,71.36446768184764,42.0
WH187,Dallas,2756,4440,4,5,16,91702,S674,Electronics,7713,3.5480160897070467,4.640103407357678,4.449951493055449,39303,5345,3013,126,33,85,8.548016089707048,90.74117647058823,0.00046000467907520375,-3273,Shortage,0.07012187364832201,Very Low,2.798621190130624,Fast Moving,0.011973875181422351,-3273,Under-Forecast,1.7371621621621622,Overperforming,Future Demand Zone,8358,385650,0.939633220910624,377292,7.795623184761731,83344,980.5176470588235,4537.058823529412,32.423529411764704,75.89784274534954,54.16702642004189,65.0
WH411,Denver,2005,621,2,4,12,38148,S195,Groceries,9068,1.047234568755509,8.28898910267446,2.168571266584008,25644,12799,12305,290,42,32,5.047234568755509,283.375,0.00011548682937312626,-8447,Overstock,0.07818593043206988,Very Low,4.522693266832918,Fast Moving,0.020947630922693267,-8447,Under-Forecast,14.602254428341384,Highly Overperforming,Under-Forecast Zone,25104,453400,0.9446316718129687,428296,7.2929810200791465,13044,407.625,14168.75,62.65625,89.2313805283067,39.40670826276632,64.0
WH026,Chicago,2042,2627,6,5,12,55853,S944,Electronics,4488,1.305304607006086,4.181986880364314,3.5731746891971823,13881,2691,1893,203,50,73,6.305304607006086,61.47945205479452,0.0002908432725058124,-1861,Shortage,0.1471075570924285,Low,2.197845249755142,Fast Moving,0.024485798237022526,-1861,Under-Forecast,1.7084126379901028,Overperforming,Low Demand Zone,4584,224400,0.9006245690079795,219816,6.061941803580401,51269,702.3150684931506,3073.972602739726,27.972602739726028,44.16303879698285,40.133914350408396,42.0
WH268,Seattle,3150,4897,9,2,10,92424,S690,Automotive,4681,2.2595624702564825,1.3232946983728615,3.2973424684953416,11336,16865,12202,79,14,82,4.2595624702564825,57.08536585365854,0.0004827093506209106,216,Shortage,0.2778757939308398,Moderate,1.486031746031746,Healthy,0.0044444444444444444,216,Overestimate (Unmet Demand),0.9558913620584031,Slightly Under,Unmet Demand Zone,29067,234050,0.8786898478733313,204983,4.398321742845192,63357,772.6463414634146,2854.268292682927,38.41463414634146,46.062206909241695,61.91078854250071,54.0
WH436,Houston,3431,3271,4,3,11,98150,S955,Apparel,4605,4.339924875872783,3.717720086447093,2.7177869191083417,32555,4215,6391,48,50,90,7.339924875872783,51.166666666666664,0.0009424375409061418,-1334,Overstock,0.10539087697742282,Low,1.342174293208977,Healthy,0.01457301078402798,-1334,Under-Forecast,1.4078263527973096,Overperforming,Unmet Demand Zone,10606,230250,0.9260082721364058,219644,5.519687929169336,87544,972.7111111111111,2558.3333333333335,38.12222222222222,45.31434796348174,67.43362396486347,56.0
WH256,Houston,4169,4979,8,6,15,79750,S539,Groceries,6683,2.677692892411743,5.211208088217426,1.1775552926471595,44285,17836,1355,61,26,24,8.677692892411743,278.4583333333333,0.00040067228675920143,-1704,Shortage,0.09414022806819465,Very Low,1.6030223075077956,Healthy,0.006236507555768769,-1704,Under-Forecast,1.3422373970676842,Overperforming,Future Demand Zone,19191,334150,0.942567709112674,314959,7.565233378731959,60559,2523.2916666666665,13922.916666666666,173.70833333333334,65.76238598044483,81.93843728053507,74.0
WH290,New York,1498,3928,3,3,22,73515,S827,Apparel,5884,3.2328263202786784,7.814388590756113,2.909715395280833,27015,17774,1468,215,10,57,6.2328263202786784,103.2280701754386,0.0005494266349895783,-1956,Shortage,0.05545067555062003,Very Low,3.9279038718291055,Fast Moving,0.006675567423230975,-1956,Under-Forecast,1.4979633401221997,Overperforming,Future Demand Zone,19242,294200,0.8723043699186992,274958,11.146319247453805,54273,952.1578947368421,5161.403508771929,26.280701754385966,57.900026800678944,29.44201944021145,44.0
WH480,Los Angeles,3929,1419,7,3,15,96829,S566,Apparel,3793,1.6347000556027464,3.3140563605801594,1.1985093378139893,45860,7257,7188,222,0,22,4.634700055602746,172.4090909090909,0.0004309781322443307,-2374,Overstock,0.08567378979502835,Very Low,0.9653855942988038,Slow Moving,0.0,-2374,Under-Forecast,2.6730091613812546,Highly Overperforming,Low Demand Zone,14445,189650,0.9380032206119162,175205,6.994216908174048,82384,3744.7272727272725,8620.454545454546,178.5909090909091,37.32406554299375,77.22142482015406,57.0
WH020,San Francisco,2734,4605,3,3,20,94845,S810,Groceries,9663,2.389876579130718,0.8970863063780021,4.1505316907330965,41700,14331,8580,195,40,92,5.389876579130718,105.03260869565217,0.00024732242358798697,-5058,Shortage,0.06556354916067146,Very Low,3.5343818580833943,Fast Moving,0.014630577907827359,-5058,Under-Forecast,2.098371335504886,Highly Overperforming,Future Demand Zone,22911,483150,0.952579944116734,460239,8.273515065285748,71934,781.8913043478261,5251.630434782609,29.717391304347824,95.08632885366428,53.734633611173635,74.0
WH017,Denver,4576,1341,2,6,6,52507,S696,Apparel,3262,4.282557844736154,2.356135204360894,2.4253280068591727,38381,12369,11657,130,11,42,10.282557844736154,77.66666666666667,0.0013128626133464604,-1921,Overstock,0.11922565852895964,Low,0.7128496503496503,Slow Moving,0.002403846153846154,-1921,Under-Forecast,2.4325130499627146,Highly Overperforming,Low Demand Zone,24026,163100,0.8526916002452483,139074,3.1075617151544224,28481,678.1190476190476,3883.3333333333335,108.95238095238095,32.098893171960356,89.93770424459785,61.0
WH325,New York,4863,2479,6,4,15,61482,S147,Groceries,5514,3.4465686099311643,3.9813986374516426,4.057322748794938,21317,9460,11887,20,10,34,7.446568609931164,162.1764705882353,0.0006250577819969467,-3035,Overstock,0.2281277853356476,Low,1.133867982726712,Healthy,0.002056343820686819,-3035,Under-Forecast,2.2242839854780154,Highly Overperforming,Under-Forecast Zone,21347,275700,0.9225716358360537,254353,7.195036494381698,40135,1180.4411764705883,8108.823529411765,143.02941176470588,54.259134564742304,95.57846497847014,75.0
WH304,Los Angeles,3206,3987,2,2,23,56759,S739,Furniture,9928,1.286769647650254,7.357488212537387,2.858419031796357,49752,2529,6603,98,29,45,3.286769647650254,220.62222222222223,0.00012961015790191922,-5941,Shortage,0.06443962051776812,Very Low,3.0966936993137866,Fast Moving,0.009045539613225203,-5941,Under-Forecast,2.490092801605217,Highly Overperforming,Future Demand Zone,9132,496400,0.9816035455278002,487268,11.409960125645185,47627,1058.3777777777777,11031.111111111111,71.24444444444444,97.69399491453783,63.01142478325628,80.0
WH315,Chicago,2679,2355,4,1,10,85536,S512,Apparel,5352,2.6966956052344067,3.5870495149655763,2.912918175406096,43969,17067,8262,60,47,33,3.6966956052344067,162.1818181818182,0.0005038668918599414,-2997,Overstock,0.060929291091450795,Very Low,1.997760358342665,Healthy,0.017543859649122806,-2997,Under-Forecast,2.272611464968153,Highly Overperforming,Under-Forecast Zone,25329,267600,0.9394088322674857,242271,5.081378012384409,60207,1824.4545454545455,8109.090909090909,81.18181818181819,52.66501418035923,52.65365158900298,53.0
WH179,San Francisco,4703,3631,3,4,5,55573,S690,Groceries,5077,0.7336706333926714,1.3489601648366918,1.4446041613010672,22122,7430,9719,15,34,51,4.733670633392672,99.54901960784314,0.0001445086928092715,-1446,Overstock,0.2125937980291113,Low,1.0795237082713163,Healthy,0.007229428024665107,-1446,Under-Forecast,1.3982374001652438,Overperforming,Unmet Demand Zone,17149,253850,0.9486869523218106,236701,2.406856877858407,38424,753.4117647058823,4977.450980392156,92.2156862745098,49.95894562662254,92.43379000488281,71.0
WH205,Houston,4789,2629,10,4,18,67902,S844,Groceries,1150,1.8773040390826208,4.252128866105797,4.575927135233751,24608,2315,5798,125,20,57,5.87730403908262,20.17543859649123,0.0016324382948544529,1479,Overstock,0.19461150845253575,Low,0.24013363959072875,Dead Stock,0.0041762372102735435,1479,Overestimate (Unmet Demand),0.4374286801065044,Underperforming,Low Demand Zone,8113,57500,0.9613866666666666,49387,8.476891530994822,59789,1048.9298245614036,1008.7719298245614,84.01754385964912,11.31628667926254,94.124052803186,53.0
WH005,Atlanta,2865,5093,9,5,14,50857,S617,Apparel,2701,2.523635435211358,1.8625659852324865,4.039106088212192,35251,3425,7300,22,0,13,7.523635435211358,207.76923076923077,0.0009343337412852122,2392,Shortage,0.08127429009106124,Very Low,0.9427574171029668,Slow Moving,0.0,2392,Overestimate (Unmet Demand),0.5303357549577852,Underperforming,Unmet Demand Zone,10725,135050,0.9519814446653413,124325,6.1587697955697465,40132,3087.076923076923,10388.461538461539,220.3846153846154,26.578513322337496,56.309336245798264,41.0
WH100,Atlanta,4348,3191,4,3,9,60499,S145,Electronics,6065,0.6392561013455638,6.620696561104883,4.271051884810753,36544,3673,4952,181,50,85,3.6392561013455635,71.3529411764706,0.00010540084111221167,-2874,Overstock,0.11897985989492119,Low,1.3948942042318306,Healthy,0.011499540018399264,-2874,Under-Forecast,1.900658100908806,Overperforming,Future Demand Zone,8625,303250,0.9545825983509045,294625,5.589658830336985,51874,610.2823529411764,3567.6470588235293,51.15294117647059,59.68111192150201,85.4565424072359,73.0
WH326,Seattle,1689,5061,9,2,12,37440,S414,Groceries,3417,1.5271149402518045,0.5728469576615047,4.351889885838089,38198,8814,3819,171,23,75,3.5271149402518045,45.56,0.0004469168686718772,1644,Shortage,0.04421697471071784,Very Low,2.0230905861456483,Fast Moving,0.013617525162818236,1644,Overestimate (Unmet Demand),0.6751630112625964,Underperforming,Unmet Demand Zone,12633,170850,0.9193623768986814,158217,4.975939344847298,24807,330.76,2278.0,22.52,33.62413181133922,33.19597518993133,33.0
WH233,Houston,1799,4048,2,3,22,39231,S415,Furniture,7128,1.5590783992193815,1.172217244371951,1.6279183210284724,21097,2115,6205,10,20,91,4.5590783992193815,78.32967032967034,0.00021872592581641153,-3080,Shortage,0.08527278760013272,Very Low,3.962201222901612,Fast Moving,0.011117287381878822,-3080,Under-Forecast,1.7608695652173914,Overperforming,Future Demand Zone,8320,356400,0.9771384568926469,348080,9.15500035952615,30911,339.68131868131866,3916.4835164835163,19.76923076923077,70.14129691285511,35.35793923427263,53.0
WH277,Los Angeles,4884,3184,5,4,6,48757,S710,Furniture,1966,2.4600373430754097,0.6649659718789964,1.394510054397823,28549,16441,14887,113,10,18,6.46003734307541,109.22222222222223,0.0012512906119406966,1218,Overstock,0.1710742933202564,Low,0.40253890253890257,Dead Stock,0.0020475020475020475,1218,Overestimate (Unmet Demand),0.617462311557789,Underperforming,Unmet Demand Zone,31328,98300,0.6813021363173958,66972,2.60010404217795,17429,968.2777777777778,5461.111111111111,271.3333333333333,19.345930096895785,95.99120356875348,58.0
WH440,Atlanta,2943,3759,4,4,17,84467,S858,Automotive,5491,2.781952737615016,5.72585374344053,1.0684815599474948,11290,7098,11675,88,17,61,6.781952737615017,90.01639344262296,0.0005066386336942299,-1732,Shortage,0.2606731620903454,Moderate,1.8657832144070676,Healthy,0.0057764186204553175,-1732,Under-Forecast,1.4607608406491088,Overperforming,Future Demand Zone,18773,274550,0.9512001648295045,255777,8.519489048618295,65694,1076.950819672131,4500.819672131148,48.24590163934426,54.03280883115705,57.84236529542209,56.0
WH077,Miami,4930,1596,9,6,16,65180,S999,Apparel,5159,3.0247428750866963,1.2266371427094962,4.746088491599664,18352,11701,13753,293,30,35,9.024742875086696,147.4,0.0005863041044944168,-3563,Overstock,0.2686355710549259,Moderate,1.046450304259635,Healthy,0.006085192697768763,-3563,Under-Forecast,3.232456140350877,Highly Overperforming,Low Demand Zone,25454,257950,0.9013219616204691,232496,6.769816700622179,39726,1135.0285714285715,7370.0,140.85714285714286,50.76584606810039,96.89529762365984,74.0
WH478,San Francisco,1233,5175,6,6,16,49703,S466,Electronics,9533,4.695794006867258,3.3396191125136165,4.831641704420944,27791,18878,3668,232,34,55,10.695794006867258,173.3272727272727,0.0004925830280989467,-4358,Shortage,0.04436688136447051,Very Low,7.73154906731549,Very Fast,0.027575020275750203,-4358,Under-Forecast,1.8421256038647342,Overperforming,Future Demand Zone,22546,476650,0.9352755037783376,454104,7.41015823983681,27157,493.76363636363635,8666.363636363636,22.418181818181818,93.8070964464433,24.23365151520742,59.0
WH402,Seattle,674,4623,5,1,14,82542,S954,Automotive,4972,3.882602248656549,4.357942438519766,1.2330628021304957,26141,15403,9039,228,6,64,4.882602248656549,77.6875,0.0007808934530684934,-349,Shortage,0.025783252362189663,Very Low,7.376854599406528,Very Fast,0.008902077151335312,-349,Under-Forecast,1.0754921046939216,Accurate,Unmet Demand Zone,24442,248600,0.9016814159292036,224158,6.910053354701331,58100,907.8125,3884.375,10.53125,48.92571945155944,13.246943326236659,31.0
WH341,Houston,3722,1745,4,2,10,67201,S361,Electronics,3781,3.8410717195953934,4.759903195537997,4.795935040731765,13998,15719,12369,91,15,27,5.841071719595393,140.03703703703704,0.00101588778619291,-2036,Overstock,0.26589512787541075,Moderate,1.0158516926383665,Healthy,0.004030091348737238,-2036,Under-Forecast,2.1667621776504298,Highly Overperforming,Low Demand Zone,28088,189050,0.845170607028754,160962,5.42917998606602,39113,1448.6296296296296,7001.851851851852,137.85185185185185,37.205982551557966,73.15300157307544,55.0
WH258,Miami,1503,4215,4,1,18,61767,S209,Automotive,7511,3.17028493276809,1.8799062106210445,4.410955472342002,48675,11230,5869,13,9,67,4.17028493276809,112.1044776119403,0.0004220855988241366,-3296,Shortage,0.030878274268104775,Very Low,4.997338656021291,Fast Moving,0.005988023952095809,-3296,Under-Forecast,1.7819691577698695,Overperforming,Future Demand Zone,17099,375550,0.9300041261420572,358451,7.765768270371942,44668,666.6865671641791,5605.223880597015,22.432835820895523,73.91011238951386,29.54029053313605,52.0
WH119,Atlanta,3386,3306,2,7,15,73834,S538,Furniture,2230,3.56688264658246,3.3750029516222497,1.939978334575208,23075,4455,7674,219,0,56,10.56688264658246,39.82142857142857,0.0015994989446558117,1076,Overstock,0.14673889490790898,Low,0.6585942114589486,Slow Moving,0.0,1076,Overestimate (Unmet Demand),0.6745311554748942,Underperforming,Unmet Demand Zone,12129,111500,0.920075329566855,99371,7.012500885486675,61705,1101.875,1991.0714285714287,60.464285714285715,21.943755908483013,66.54918412854204,44.0
WH068,Los Angeles,3513,3170,4,3,19,53542,S599,Electronics,7359,0.657614548972585,7.530401119491331,2.170646588454288,20332,4948,5074,273,43,92,3.657614548972585,79.98913043478261,8.936194441807106e-05,-4189,Overstock,0.17278182175880386,Low,2.094790777113578,Fast Moving,0.01224025049814973,-4189,Under-Forecast,2.3214511041009462,Highly Overperforming,Future Demand Zone,10022,367950,0.9627020695041,357928,9.862792410996846,43520,473.04347826086956,3999.4565217391305,38.18478260869565,72.41439449799394,69.04526988882698,71.0
WH031,San Francisco,1343,848,10,1,12,64407,S690,Groceries,9625,0.5687921384515013,7.747956526464611,2.508540592723153,46795,10723,4060,2,31,19,1.5687921384515013,506.57894736842104,5.90952871118443e-05,-8777,Overstock,0.028699647398226308,Very Low,7.1667907669396875,Very Fast,0.02308265078183172,-8777,Under-Forecast,11.350235849056604,Highly Overperforming,Under-Forecast Zone,14783,481250,0.9692820779220779,466467,7.131311753173934,49624,2611.7894736842104,25328.947368421053,70.6842105263158,94.7123993807843,26.395615559548716,61.0
WH499,Houston,4672,4914,5,1,17,43396,S112,Groceries,8583,2.5028725609102023,1.0204848544871623,3.743667117359365,23417,19063,2637,88,3,33,3.5028725609102023,260.09090909090907,0.0002916081278003265,-3669,Shortage,0.19951317418969125,Low,1.8371147260273972,Healthy,0.0006421232876712328,-3669,Under-Forecast,1.7466422466422467,Overperforming,Future Demand Zone,21700,429150,0.8940689097706376,407450,7.10633809333245,21696,657.4545454545455,13004.545454545454,141.57575757575756,84.4588596244438,91.82450922875026,88.0
WH389,Los Angeles,3446,3285,3,5,9,93587,S394,Apparel,3947,1.9972381147676348,2.2598726268171463,1.352398616317385,28596,1997,2877,23,23,11,6.997238114767635,358.8181818181818,0.0005060142170680605,-662,Overstock,0.1205063645265072,Low,1.145385954730122,Healthy,0.006674405107370864,-662,Under-Forecast,1.2015220700152207,Overperforming,Unmet Demand Zone,4874,197350,0.9446912804399057,192476,4.279964109577356,88713,8064.818181818182,17940.909090909092,313.27272727272725,38.8394639330863,67.72843724363729,53.0
WH461,Los Angeles,1690,3229,2,3,25,36991,S217,Electronics,4122,1.9534485842257527,8.118054923886675,4.66358695634149,18398,9138,5531,44,16,25,4.953448584225753,164.88,0.00047390795347543736,-893,Shortage,0.09185781063159039,Very Low,2.43905325443787,Fast Moving,0.009467455621301775,-893,Under-Forecast,1.2765562093527407,Overperforming,Unmet Demand Zone,14669,206100,0.9288258127122756,191431,12.438256713852393,22322,892.88,8244.0,67.6,40.56150755819147,33.21562940851626,37.0
WH192,San Francisco,1631,4816,7,2,10,97759,S187,Electronics,6095,2.8450084008493177,0.6227868363952367,4.071847561574883,26153,11785,9870,23,1,78,4.845008400849318,78.14102564102564,0.00046677742425747624,-1279,Shortage,0.062363782357664516,Very Low,3.7369711833231145,Fast Moving,0.0006131207847946045,-1279,Under-Forecast,1.2655730897009967,Overperforming,Future Demand Zone,21655,304750,0.9425200118588793,283095,4.1870199871540095,76104,975.6923076923077,3907.051282051282,20.91025641025641,59.97631940009146,32.056030512005925,46.0
WH182,Chicago,2206,1667,8,1,6,47230,S258,Apparel,6579,0.6557801961563895,8.6789529253673,2.3888091300682945,25968,12102,12800,51,28,60,1.6557801961563894,109.65,9.967779239343205e-05,-4912,Overstock,0.08495070856438694,Very Low,2.9823209428830464,Fast Moving,0.012692656391659111,-4912,Under-Forecast,3.946610677864427,Highly Overperforming,Under-Forecast Zone,24902,328950,0.9242985256117952,304048,5.007493674527687,22328,372.1333333333333,5482.5,36.766666666666666,64.73900005466804,43.35720619833542,54.0
WH436,Miami,2199,1668,7,2,15,87711,S698,Furniture,2852,4.695498745340331,2.654573788071979,4.8807694138230335,15009,14154,5337,172,12,99,6.695498745340331,28.80808080808081,0.0016463880593759928,-1184,Overstock,0.1465120927443534,Low,1.2969531605275124,Healthy,0.005457025920873124,-1184,Under-Forecast,1.709832134292566,Overperforming,Low Demand Zone,19491,142600,0.9260082721364058,123109,6.798009244197856,68220,689.0909090909091,1440.4040404040404,22.21212121212121,28.0643909645711,43.21962666824097,36.0
WH263,Miami,4916,2610,5,1,18,88765,S410,Apparel,8025,2.8876771539984505,5.39353678255724,1.86188677818154,41105,1464,5319,176,36,14,3.8876771539984505,573.2142857142857,0.00035983515937675395,-5415,Overstock,0.1195961561853789,Low,1.6324247355573638,Healthy,0.007323026851098454,-5415,Under-Forecast,3.074712643678161,Highly Overperforming,Under-Forecast Zone,6783,401250,0.9538215843534543,394467,8.820257942822503,81982,5855.857142857143,28660.714285714286,351.14285714285717,78.9680005226799,96.62013856347095,88.0
WH471,New York,1627,3789,3,3,17,85842,S946,Groceries,1788,4.384509205533007,2.338957584390847,4.765918476231066,35748,5604,11672,285,43,48,7.384509205533007,37.25,0.0024521863565620844,2001,Shortage,0.04551303569430458,Very Low,1.0989551321450521,Healthy,0.02642901044867855,2001,Overestimate (Unmet Demand),0.4718923198733175,Underperforming,Unmet Demand Zone,17276,89400,0.8067491895078102,72124,7.509615978451858,68566,1428.4583333333333,1862.5,33.895833333333336,17.59436572393167,31.97741363766624,25.0
WH151,New York,989,2784,6,1,18,47950,S492,Automotive,7949,4.511183246546126,8.438004655481638,1.5331760541585546,22004,6945,3471,28,46,32,5.511183246546126,248.40625,0.0005675158191654454,-5165,Shortage,0.04494637338665697,Very Low,8.037411526794742,Very Fast,0.046511627906976744,-5165,Under-Forecast,2.8552442528735633,Highly Overperforming,Under-Forecast Zone,10416,397450,0.9737929299282929,387034,9.745354885016585,37534,1172.9375,12420.3125,30.90625,78.22014157691994,19.43802218048673,49.0
WH294,Chicago,4251,650,10,3,23,57399,S607,Groceries,5765,3.608854938847455,7.775085337769691,1.1834929317937202,30399,7522,8792,215,12,61,6.608854938847455,94.50819672131148,0.0006259939182736262,-5115,Overstock,0.13984012631994475,Low,1.3561514937661727,Healthy,0.0028228652081863093,-5115,Under-Forecast,8.86923076923077,Highly Overperforming,Under-Forecast Zone,16314,288250,0.9434032957502169,271936,11.533372460893364,41085,673.5245901639345,4725.4098360655735,69.68852459016394,56.72903713560743,83.55008320449858,70.0
WH002,San Francisco,4387,2175,8,4,10,49294,S497,Electronics,5528,3.417115865081292,5.951639963615949,3.330750755675413,14253,3692,3766,137,16,57,7.417115865081292,96.98245614035088,0.0006181468641608704,-3353,Overstock,0.30779485020697395,Moderate,1.2600866195577844,Healthy,0.003647139275131069,-3353,Under-Forecast,2.541609195402299,Highly Overperforming,Under-Forecast Zone,7458,276400,0.9730173661360347,268942,5.786586130867324,41836,733.9649122807018,4849.122807017544,76.96491228070175,54.396898054750714,86.22305693204781,70.0
WH074,Atlanta,1391,1134,9,4,14,78225,S627,Furniture,5475,3.4114293550141404,8.297316662610385,2.4888915205296205,30357,2637,7562,27,14,7,7.411429355014141,782.1428571428571,0.0006230921196372859,-4341,Overstock,0.04582139210066871,Very Low,3.936017253774263,Fast Moving,0.010064701653486701,-4341,Under-Forecast,4.828042328042328,Highly Overperforming,Under-Forecast Zone,10199,273750,0.9627433789954338,263551,8.092214409279162,68026,9718.0,39107.142857142855,198.71428571428572,53.875364842576005,27.339018051624915,41.0
WH305,Denver,3581,1545,2,2,17,58798,S703,Furniture,3336,3.353108486129197,8.09890457384039,4.040612175140741,34887,19453,9161,272,30,86,5.353108486129197,38.7906976744186,0.0010051284430842918,-1791,Overstock,0.10264568463897727,Low,0.9315833566043005,Slow Moving,0.008377548170901982,-1791,Under-Forecast,2.159223300970874,Highly Overperforming,Low Demand Zone,28614,166800,0.8467582636399841,138186,9.232184636603387,30184,350.9767441860465,1939.5348837209303,41.63953488372093,32.82707161914768,70.3817567526016,52.0
WH194,Seattle,3874,4349,3,3,23,81369,S811,Furniture,2781,3.54470464790969,1.672008178386344,2.784503647012502,28129,18641,13910,117,7,27,6.54470464790969,103.0,0.0012746151197086265,1568,Shortage,0.1377226350030218,Low,0.7178626742385131,Slow Moving,0.0018069179143004647,1568,Overestimate (Unmet Demand),0.6394573465164406,Underperforming,Unmet Demand Zone,32551,139050,0.9286486949080017,106499,9.702144528890193,48818,1808.0740740740741,5150.0,143.4814814814815,27.365733265242717,76.14044279798341,52.0
WH232,San Francisco,688,1463,3,7,13,90841,S520,Automotive,1473,3.4476867576327264,6.004963251361914,4.304181751213566,15316,17786,5956,128,4,25,10.447686757632727,58.92,0.002340588430164784,-10,Shortage,0.04492034473752938,Very Low,2.140988372093023,Fast Moving,0.005813953488372093,-10,Under-Forecast,1.0068352699931646,Accurate,Low Demand Zone,23742,73650,0.8644348894348894,49908,7.003233161455086,67099,2683.96,2946.0,27.52,14.494687198742367,13.522102386425551,14.0
WH041,New York,982,3984,2,5,24,58802,S388,Groceries,5676,3.426475553330061,1.066766835863321,4.483220021258354,20994,19518,6490,148,43,79,8.42647555333006,71.84810126582279,0.0006036778635183335,-1692,Shortage,0.04677526912451176,Very Low,5.780040733197556,Very Fast,0.04378818737270876,-1692,Under-Forecast,1.4246987951807228,Overperforming,Future Demand Zone,26008,283800,0.9083579985905568,257792,9.93316650697081,32794,415.11392405063293,3592.4050632911394,12.430379746835444,55.85325494912537,19.300442650392284,38.0
WH131,New York,4422,828,9,1,5,80974,S181,Groceries,6857,1.1882806385146338,5.671113777428491,1.4424130633121417,31687,11125,6039,106,29,38,2.188280638514634,180.44736842105263,0.00017329453675289977,-6029,Overstock,0.13955249786978888,Low,1.5506558118498417,Healthy,0.0065581184984170055,-6029,Under-Forecast,8.281400966183575,Highly Overperforming,Under-Forecast Zone,17164,342850,0.9501846557064569,325686,3.7033015687780724,63810,1679.2105263157894,9022.368421052632,116.36842105263158,67.47458935626368,86.91095458252005,77.0
WH370,Denver,3057,930,4,6,13,33807,S805,Groceries,6939,1.4886181242020944,9.329248311850778,1.8671628818780317,29413,8501,3176,289,18,58,7.488618124202095,119.63793103448276,0.00021452920077851193,-6009,Overstock,0.10393363478733893,Low,2.2698724239450443,Fast Moving,0.005888125613346418,-6009,Under-Forecast,7.461290322580645,Highly Overperforming,Under-Forecast Zone,11677,346950,0.9573882991853864,335273,8.000540931239238,22130,381.55172413793105,5981.896551724138,52.706896551724135,68.28148979774153,60.08294621410307,64.0
WH225,San Francisco,1742,4542,4,1,12,98732,S504,Groceries,7019,3.980181025446416,6.100235069091412,4.319110205594036,15069,12991,14155,176,12,75,4.9801810254464165,93.58666666666667,0.0005670581315638148,-2477,Shortage,0.1156015661291393,Low,4.029276693455798,Fast Moving,0.006888633754305396,-2477,Under-Forecast,1.5453544693967416,Overperforming,Future Demand Zone,27146,350950,0.9339146479376228,323804,6.632137110853716,71586,954.48,4679.333333333333,23.226666666666667,69.06870974064675,34.23764877493214,52.0
WH223,Los Angeles,618,932,10,2,11,36651,S591,Groceries,8698,4.452741578477104,2.6888454344253865,2.441640807385794,38504,13484,1670,120,40,70,6.452741578477104,124.25714285714285,0.000511927061218338,-7766,Shortage,0.016050280490338666,Very Low,14.074433656957929,Very Fast,0.06472491909385113,-7766,Under-Forecast,9.332618025751072,Highly Overperforming,Under-Forecast Zone,15154,434900,0.9651552080938147,419746,5.226071106055771,21497,307.1,6212.857142857143,8.82857142857143,85.59048829237007,12.14630708548109,49.0
WH476,Los Angeles,1386,1271,8,5,13,78191,S225,Furniture,1613,4.147510846808727,7.848355652642475,1.9028880645004904,31646,17732,7714,238,5,78,9.147510846808727,20.67948717948718,0.0025713024468745982,-342,Overstock,0.043797004360740695,Very Low,1.1637806637806638,Healthy,0.0036075036075036075,-342,Under-Forecast,1.2690794649881982,Overperforming,Low Demand Zone,25446,80650,0.8973487456960157,55204,7.555588946874994,52745,676.2179487179487,1033.974358974359,17.76923076923077,15.872322098826501,27.240746958700313,22.0
WH455,Seattle,2207,3714,9,1,6,79701,S820,Groceries,1621,4.823148959891307,9.578089922832913,4.1692769646403365,46394,19151,559,103,31,27,5.823148959891307,60.03703703703704,0.002975415767977364,2093,Shortage,0.04757080656981506,Very Low,0.7344811961939284,Slow Moving,0.014046216583597644,2093,Overestimate (Unmet Demand),0.43645665051157784,Underperforming,Unmet Demand Zone,19710,81050,0.9024065087068227,61340,5.277640841824954,59991,2221.8888888888887,3001.8518518518517,81.74074074074075,15.951044093117025,43.37686041692034,30.0
WH370,Houston,1488,3011,3,6,13,77440,S744,Apparel,1163,1.7237037566055662,2.496927788337352,1.971136321621336,47706,3022,2563,120,14,33,7.723703756605566,35.24242424242424,0.001482118449359902,1848,Shortage,0.031191045151553264,Very Low,0.7815860215053764,Slow Moving,0.009408602150537635,1848,Overestimate (Unmet Demand),0.3862504151444703,Underperforming,Low Demand Zone,5585,58150,0.9573882991853864,52565,5.951900917146367,71855,2177.4242424242425,1762.121212121212,45.09090909090909,11.444209919984639,29.24547725436224,20.0
WH105,New York,4872,2903,3,6,6,52838,S152,Furniture,7135,2.5455436874849147,3.7808145158913793,3.709456925783388,36005,4009,13393,2,20,40,8.545543687484916,178.375,0.0003567685616657203,-4232,Overstock,0.13531453964727122,Low,1.4644909688013137,Healthy,0.004105090311986864,-4232,Under-Forecast,2.457802273510162,Highly Overperforming,Under-Forecast Zone,17402,356750,0.9381072965669102,339348,3.53547588186101,35436,885.9,8918.75,121.8,70.21017865785933,95.75535294573443,83.0
WH282,Chicago,1457,922,5,4,6,56640,S997,Electronics,7717,0.7275646045134385,4.738091338900921,2.418501436716162,14777,10811,5499,289,6,37,4.7275646045134385,208.56756756756758,9.428075735563541e-05,-6795,Overstock,0.09859917439263721,Very Low,5.296499656829101,Very Fast,0.004118050789293068,-6795,Under-Forecast,8.369848156182213,Highly Overperforming,Under-Forecast Zone,16310,385850,0.957729687702475,369540,3.8226628169070644,40330,1090.0,10428.378378378378,39.37837837837838,75.9372037424948,28.636196478229692,52.0
WH489,Dallas,3312,3091,10,2,9,60788,S771,Groceries,4335,4.563695212985087,7.229039762918853,4.916921907375873,18928,17190,4973,179,20,35,6.563695212985087,123.85714285714286,0.001052755527793561,-1244,Overstock,0.1749788672865596,Low,1.3088768115942029,Healthy,0.006038647342995169,-1244,Under-Forecast,1.4024587512131996,Overperforming,Low Demand Zone,22163,216750,0.9215830238726791,194587,5.770523523078554,38625,1103.5714285714287,6192.857142857143,94.62857142857143,42.65748065617662,65.09477195325789,54.0
WH376,San Francisco,2605,5126,4,3,25,52334,S260,Groceries,4701,0.7788748473185094,9.496487006752718,3.093092473390587,10338,6035,7781,294,36,91,3.7788748473185096,51.65934065934066,0.00016568280096118047,425,Shortage,0.2519829754304508,Moderate,1.8046065259117083,Healthy,0.01381957773512476,425,Overestimate (Unmet Demand),0.9170893484198205,Slightly Under,Unmet Demand Zone,13816,235050,0.9197784669915817,221234,12.853091975346352,38518,423.27472527472526,2582.967032967033,28.626373626373628,46.259011894968,51.19923941371884,49.0
WH458,San Francisco,660,1611,3,1,7,94183,S188,Automotive,6400,2.4662982024444715,2.782415900676167,2.213741807558609,16847,6734,14278,76,31,7,3.4662982024444715,914.2857142857143,0.00038535909413194865,-4789,Shortage,0.03917611444174037,Very Low,9.696969696969697,Very Fast,0.04696969696969697,-4789,Under-Forecast,3.972687771570453,Highly Overperforming,Under-Forecast Zone,21012,320000,0.9385941345365053,298988,3.6488156792937594,73171,10453.0,45714.28571428572,94.28571428571429,62.977595432417615,12.971784266047768,38.0
WH033,Miami,2300,1459,4,1,5,88472,S808,Electronics,2672,3.043127258280307,8.158908207584961,4.568741112599906,20247,12513,5813,145,41,59,4.0431272582803075,45.28813559322034,0.0011388949319911328,-1213,Overstock,0.113597076110041,Low,1.1617391304347826,Healthy,0.017826086956521738,-1213,Under-Forecast,1.8313913639479096,Overperforming,Low Demand Zone,18326,133600,0.949400945601912,115274,4.453020288362445,70146,1188.915254237288,2264.406779661017,38.983050847457626,26.293146093034355,45.20470274531798,36.0
WH125,Chicago,4977,1299,5,6,23,91605,S954,Electronics,6841,1.5889942971716529,9.482954802896325,1.8570562785251008,41030,8656,2296,12,11,47,7.588994297171653,145.5531914893617,0.00023227514941845533,-5542,Overstock,0.12130148671703632,Low,1.3745228049025517,Healthy,0.0022101667671287923,-5542,Under-Forecast,5.2663587374903775,Highly Overperforming,Under-Forecast Zone,10952,342050,0.9329161424429736,331098,12.045549490899038,80653,1716.0212765957447,7277.659574468085,105.8936170212766,67.31714536768264,97.81904589715113,83.0
WH080,Chicago,2200,2474,3,1,7,30946,S439,Furniture,9333,2.812439155733077,4.466651716300403,3.653630394048341,28605,16645,9292,230,20,59,3.812439155733077,158.1864406779661,0.00030134352895457803,-6859,Shortage,0.07690963118335956,Very Low,4.242272727272727,Fast Moving,0.00909090909090909,-6859,Under-Forecast,3.772433306386419,Highly Overperforming,Under-Forecast Zone,25937,466650,0.9216015275374426,440713,4.1427227876173935,5009,84.89830508474576,7909.322033898305,37.28813559322034,91.83904658918026,43.239280886825895,68.0
WH286,Dallas,3424,5119,2,4,16,72693,S248,Apparel,8842,4.954139119063811,1.0136077090225002,4.34790865534373,41424,10280,3078,216,26,95,8.95413911906381,93.07368421052631,0.0005602962134204717,-3723,Shortage,0.08265739667825416,Very Low,2.5823598130841123,Fast Moving,0.007593457943925234,-3723,Under-Forecast,1.7272904864231295,Overperforming,Future Demand Zone,13358,442100,0.9389265282063729,428742,6.706360350089929,59335,624.578947368421,4653.684210526316,36.04210526315789,87.00748418959947,67.29604443476903,77.0
WH120,Denver,2258,2659,4,5,5,97396,S968,Electronics,4499,1.5280864911971652,1.531034923157801,1.8979746794615888,35457,15946,515,158,40,42,6.528086491197165,107.11904761904762,0.000339650253655738,-1840,Shortage,0.06368277067997856,Very Low,1.9924712134632419,Healthy,0.01771479185119575,-1840,Under-Forecast,1.6919894697254607,Overperforming,Low Demand Zone,16461,224950,0.9268237386085797,208489,2.464624914502699,80935,1927.0238095238096,5355.952380952381,53.76190476190476,44.27128153913232,44.3792255647513,44.0
WH092,San Francisco,3547,5117,4,5,20,46592,S799,Electronics,9398,2.694330090329354,5.01915316795986,2.910831242293055,11927,1357,9805,184,40,78,7.694330090329354,120.48717948717949,0.00028669185894119535,-4281,Shortage,0.2973924708644253,Moderate,2.649563010995207,Fast Moving,0.01127713560755568,-4281,Under-Forecast,1.836623021301544,Overperforming,Future Demand Zone,11162,469900,0.9393013207239523,458738,9.509129091070225,35430,454.2307692307692,6024.358974358975,45.47435897435897,92.47866279279074,69.71351332071428,81.0
WH477,Atlanta,679,1890,7,1,22,49608,S684,Electronics,1359,1.0009049684878988,4.246762743068387,4.16382187761706,14825,15165,7572,248,3,71,2.000904968487899,19.140845070422536,0.0007365010805650469,531,Shortage,0.045801011804384485,Very Low,2.0014727540500736,Fast Moving,0.004418262150220913,531,Overestimate (Unmet Demand),0.719047619047619,Underperforming,Low Demand Zone,22737,67950,0.9045367192862045,45213,10.075354301565582,26871,378.46478873239437,957.0422535211268,9.56338028169014,13.372898780102428,13.345214419161264,13.0
WH413,Seattle,3412,2576,4,7,25,52720,S899,Automotive,1753,0.5623591337695131,1.286293103341415,2.3583165704423137,32468,5445,4987,111,29,21,7.5623591337695135,83.47619047619048,0.00032079813677667605,823,Overstock,0.10508808673155107,Low,0.5137749120750293,Slow Moving,0.008499413833528723,823,Overestimate (Unmet Demand),0.6805124223602484,Underperforming,Low Demand Zone,10432,87650,0.8809811751283514,77218,10.388437755152482,42288,2013.7142857142858,4173.809523809524,162.47619047619048,17.249956998910637,67.06019381174997,42.0
WH326,San Francisco,1210,1626,4,4,10,55520,S816,Electronics,9166,0.9211585859372614,8.369369680530838,3.01363606050104,49101,17697,11152,210,7,90,4.9211585859372615,101.84444444444445,0.00010049733645398881,-7540,Shortage,0.02464308262560844,Very Low,7.575206611570248,Very Fast,0.005785123966942148,-7540,Under-Forecast,5.6371463714637144,Highly Overperforming,Under-Forecast Zone,28849,458300,0.9193623768986814,429451,6.512546441349334,26671,296.34444444444443,5092.222222222223,13.444444444444445,90.1957249583656,23.78160448775424,57.0
WH078,San Francisco,2466,2107,4,2,8,99202,S436,Groceries,1248,1.654442935162124,8.641811555300688,2.089979963461004,49895,11376,4433,42,14,46,3.654442935162124,27.130434782608695,0.0013256754288158044,859,Overstock,0.04942378995891372,Very Low,0.5060827250608273,Slow Moving,0.0056772100567721,859,Overestimate (Unmet Demand),0.5923113431419079,Underperforming,Low Demand Zone,15809,62400,0.746650641025641,46591,5.794246629607239,83393,1812.891304347826,1356.5217391304348,53.608695652173914,12.280631109321435,48.46730303041484,30.0
WH055,Miami,849,4475,8,5,10,72838,S126,Apparel,7426,1.6479302049030513,6.541362592937368,4.690850577103633,40691,14310,2042,160,4,78,6.6479302049030515,95.2051282051282,0.0002219135745896918,-2951,Shortage,0.02086456464574476,Very Low,8.74676089517079,Very Fast,0.004711425206124852,-2951,Under-Forecast,1.659441340782123,Overperforming,Future Demand Zone,16352,371300,0.9205442418852824,354948,5.963822205443048,56486,724.1794871794872,4760.25641025641,10.884615384615385,73.07369120017707,16.68643157859781,45.0
WH033,Seattle,620,3801,9,5,25,99965,S261,Apparel,7580,3.737687144060924,9.13037148217024,4.838445802855853,36935,18414,8482,299,30,33,8.737687144060924,229.6969696969697,0.0004930985678180638,-3779,Shortage,0.016786246108027616,Very Low,12.225806451612904,Very Fast,0.04838709677419355,-3779,Under-Forecast,1.9942120494606683,Overperforming,Future Demand Zone,26896,379000,0.949400945601912,352104,12.75362757368333,73069,2214.212121212121,11484.848484848484,18.78787878787879,74.58908959026961,12.185615522650933,43.0
WH243,Seattle,2270,575,4,6,11,59428,S222,Automotive,1848,2.9158884984907307,8.773904518591392,4.036400364079306,11850,2588,8173,181,10,23,8.91588849849073,80.34782608695652,0.0015778617416075382,-1273,Overstock,0.19156118143459916,Low,0.8140969162995595,Slow Moving,0.004405286343612335,-1273,Under-Forecast,3.213913043478261,Highly Overperforming,Low Demand Zone,10761,92400,0.883538961038961,81639,7.033492941480501,48667,2115.9565217391305,4017.391304347826,98.69565217391305,18.184780681110585,44.615076187770356,31.0
WH388,San Francisco,2202,2947,10,2,24,84686,S270,Apparel,5667,1.7758619258154102,8.693970318721586,4.417770949626924,48273,18885,13036,92,39,46,3.77586192581541,123.19565217391305,0.0003133689652047662,-2720,Shortage,0.04561556149400286,Very Low,2.5735694822888284,Fast Moving,0.017711171662125342,-2720,Under-Forecast,1.9229725144214456,Overperforming,Under-Forecast Zone,31921,283350,0.9313844242565417,251429,12.213504447115115,52765,1147.0652173913043,6159.782608695652,47.869565217391305,55.76469270554853,43.27858932399573,50.0
WH482,Seattle,2343,1171,3,2,15,59904,S763,Electronics,7410,1.5117728102175207,3.273032649061018,3.4813828088703493,44472,7102,3547,246,1,67,3.5117728102175207,110.59701492537313,0.0002040179231062781,-6239,Overstock,0.052684835402050725,Very Low,3.1626120358514727,Fast Moving,0.0004268032437046522,-6239,Under-Forecast,6.327924850555081,Highly Overperforming,Under-Forecast Zone,10649,370500,0.9638679644519679,359851,6.982037835691417,49255,735.1492537313433,5529.850746268657,34.97014925373134,72.91624721159602,46.04983414446958,59.0
WH387,Los Angeles,4174,3605,10,6,25,45894,S807,Furniture,2555,3.3875728597319155,2.2956056771632865,1.3892132908455372,12979,4433,12383,45,12,75,9.387572859731915,34.06666666666667,0.0013258602190731566,1050,Overstock,0.3215964249942214,Moderate,0.6121226641111643,Slow Moving,0.0028749401054144704,1050,Overestimate (Unmet Demand),0.7087378640776699,Underperforming,Unmet Demand Zone,16816,127750,0.8516512363764209,110934,10.68954418518061,29078,387.70666666666665,1703.3333333333333,55.653333333333336,25.14183692653547,82.03670837345967,54.0
WH259,Seattle,4648,3271,2,2,15,38658,S322,Groceries,7125,0.9058792662523584,6.6180187954246295,1.4338227760908846,15598,5751,12666,11,26,59,2.9058792662523585,120.76271186440678,0.0001271409496494538,-3854,Overstock,0.2979869214001795,Moderate,1.5329173838209982,Healthy,0.005593803786574871,-3854,Under-Forecast,2.1782329562824825,Highly Overperforming,Future Demand Zone,18417,356250,0.9483031578947368,337833,7.987083779763362,20241,343.06779661016947,6038.135593220339,78.77966101694915,70.11177616499617,91.35280798271216,81.0
WH049,Chicago,3577,2582,8,3,7,89377,S825,Furniture,6669,1.1880295053361776,6.155271129611611,4.468922130512553,45556,1133,9913,195,28,97,4.188029505336178,68.75257731958763,0.0001781420760738008,-4087,Overstock,0.07851874615857406,Very Low,1.8644115180318703,Healthy,0.007827788649706457,-4087,Under-Forecast,2.58288148721921,Highly Overperforming,Under-Forecast Zone,11046,333450,0.9521158705701078,322404,4.648929675478395,78331,807.5360824742268,3437.6288659793813,36.876288659793815,65.62462249043642,70.30313987826192,68.0
WH322,Chicago,1502,2782,5,4,11,39104,S134,Furniture,1245,3.861235788809856,7.821841335566494,3.5958336788466028,44913,12304,1408,81,15,79,7.861235788809855,15.759493670886076,0.0031013942078794024,1537,Shortage,0.033442433148531604,Very Low,0.8288948069241012,Slow Moving,0.009986684420772303,1537,Overestimate (Unmet Demand),0.4475197699496765,Underperforming,Low Demand Zone,13712,62250,0.7797269076305221,48538,6.74954840599618,25392,321.4177215189873,787.9746835443038,19.0126582278481,12.251110361462489,29.520636314551133,21.0
WH131,Denver,2556,886,9,7,19,98956,S516,Furniture,9931,4.28731836791671,7.256458115904856,1.192385857830776,15965,16289,8362,221,0,14,11.287318367916711,709.3571428571429,0.00043171064020911394,-9045,Overstock,0.16010021922956466,Low,3.8853677621283254,Fast Moving,0.0,-9045,Under-Forecast,11.20880361173815,Highly Overperforming,Under-Forecast Zone,24651,496550,0.9501846557064569,471899,9.776937434771458,74305,5307.5,35467.857142857145,182.57142857142858,97.72351566239676,50.23618270305772,74.0
WH264,Atlanta,3807,3546,10,3,12,57378,S314,Electronics,7646,2.5340931792741763,4.886547723228596,2.6503415403816244,29822,2827,5546,47,28,63,5.534093179274176,121.36507936507937,0.0003314273056858719,-4100,Overstock,0.127657434109047,Low,2.008405568689257,Fast Moving,0.007354872603099553,-4100,Under-Forecast,2.156232374506486,Highly Overperforming,Future Demand Zone,8373,382300,0.9780983520795187,373927,6.26817077874951,49005,777.8571428571429,6068.253968253968,60.42857142857143,75.23854604316642,74.82361015279372,75.0
WH371,Houston,929,2849,7,3,15,87397,S391,Apparel,9526,3.8212991060632175,0.8356791186885874,1.6021985381931798,44786,16282,11137,124,1,27,6.8212991060632175,352.81481481481484,0.00040114414298375155,-6677,Shortage,0.020743089358281605,Very Low,10.254036598493004,Very Fast,0.001076426264800861,-6677,Under-Forecast,3.3436293436293436,Highly Overperforming,Under-Forecast Zone,27419,476300,0.9424333403317237,448881,6.251026663486017,59978,2221.4074074074074,17640.74074074074,34.407407407407405,93.73821470143909,18.25876906539148,56.0
WH183,Houston,4448,2335,5,1,13,90309,S518,Electronics,5763,4.660653790720515,7.223295683064421,3.9808312949528566,30810,8728,14870,138,17,7,5.660653790720515,823.2857142857143,0.0008087200747389406,-3428,Overstock,0.14436871145731905,Low,1.295638489208633,Healthy,0.0038219424460431656,-3428,Under-Forecast,2.4680942184154175,Highly Overperforming,Under-Forecast Zone,23598,288150,0.9373244943056264,264552,7.368135287653139,66711,9530.142857142857,41164.28571428572,635.4285714285714,56.7093566370348,87.42196426572798,72.0
WH329,New York,1747,4930,5,3,20,95132,S927,Apparel,1695,1.7288625945903386,6.210058704989876,2.72941637038755,36489,12353,4864,113,19,50,4.728862594590339,33.9,0.0010199779319117043,3235,Shortage,0.047877442516922906,Very Low,0.9702346880366343,Slow Moving,0.010875787063537493,3235,Overestimate (Unmet Demand),0.3438133874239351,Underperforming,Unmet Demand Zone,17217,84750,0.7968495575221239,67533,9.866280347616025,77915,1558.3,1695.0,34.94,16.67922254030435,34.335919867856745,26.0
WH232,Dallas,519,3854,2,4,16,96949,S278,Groceries,2065,4.444190954080326,2.639036372666176,3.201119647163603,34100,6332,6145,273,31,86,8.444190954080327,24.011627906976745,0.002152150583089746,1789,Shortage,0.015219941348973608,Very Low,3.978805394990366,Fast Moving,0.05973025048169557,1789,Overestimate (Unmet Demand),0.535806953814219,Underperforming,Unmet Demand Zone,12477,103250,0.8644348894348894,90773,7.209629986944361,84472,982.2325581395348,1200.5813953488373,6.034883720930233,20.320114776240995,10.200539445573927,15.0
WH488,Denver,1769,2744,7,6,18,63690,S782,Apparel,6256,2.828759507559984,3.1821570672938493,3.2286233254464234,18687,7616,14003,237,28,67,8.828759507559983,93.3731343283582,0.00045216744046674935,-3512,Shortage,0.09466474019371755,Very Low,3.5364612775579425,Fast Moving,0.01582815149802148,-3512,Under-Forecast,2.2798833819241984,Highly Overperforming,Under-Forecast Zone,21619,312800,0.9322048425112492,291181,8.159395565637562,42071,627.9253731343283,4668.6567164179105,26.402985074626866,61.56059953518822,34.768312676725,48.0
WH344,Houston,2073,894,8,2,21,34990,S123,Furniture,8141,4.106776602277567,6.083528641458038,4.126618244727672,36001,1476,14534,262,3,55,6.106776602277567,148.01818181818183,0.0005044560376216149,-7247,Overstock,0.057581733840726644,Very Low,3.9271587071876506,Fast Moving,0.001447178002894356,-7247,Under-Forecast,9.106263982102908,Highly Overperforming,Under-Forecast Zone,16010,407050,0.9652191345993206,391040,10.225492745838281,18980,345.09090909090907,7400.909090909091,37.69090909090909,80.10946943989246,40.74319512654094,60.0
WH060,New York,969,1093,4,3,7,51567,S231,Furniture,2127,3.5916846245866525,4.990166015076094,3.068268638228219,26229,4565,2540,206,35,17,6.5916846245866525,125.11764705882354,0.0016886152442814539,-1034,Shortage,0.03694384078691525,Very Low,2.195046439628483,Fast Moving,0.03611971104231166,-1034,Under-Forecast,1.9460201280878318,Overperforming,Low Demand Zone,7105,106350,0.9634604891115631,99245,4.307885717835521,44462,2615.4117647058824,6255.882352941177,57.0,20.930210231992543,19.044937808788312,20.0
WH194,Dallas,1204,1222,9,5,19,43468,S735,Groceries,8904,3.98480262644586,8.941255065037273,4.2331320862931,43074,6812,2324,244,3,90,8.984802626445859,98.93333333333334,0.00044752949533309296,-7682,Shortage,0.027951896735849933,Very Low,7.395348837209302,Very Fast,0.0024916943521594683,-7682,Under-Forecast,7.286415711947627,Highly Overperforming,Under-Forecast Zone,9136,445200,0.9286486949080017,436064,10.283124027816829,34332,381.46666666666664,4946.666666666667,13.377777777777778,87.617579645351,23.663679176244717,56.0
WH489,Seattle,3853,1343,3,4,15,40856,S941,Apparel,5090,1.1970493389860122,1.9990417724826903,3.5388092246218537,13948,8099,6692,112,45,12,5.197049338986012,424.1666666666667,0.00023517668742357802,-3747,Overstock,0.27624032119300257,Moderate,1.3210485336101738,Healthy,0.011679211004412146,-3747,Under-Forecast,3.790022338049144,Highly Overperforming,Low Demand Zone,14791,254500,0.9215830238726791,239709,6.60321629504613,26065,2172.0833333333335,21208.333333333332,321.0833333333333,50.086868867344634,75.72770420770007,63.0
WH470,New York,2498,800,8,7,25,45456,S433,Furniture,4404,3.0426539147064933,2.836929063215729,3.84423661685033,23341,14588,1950,107,17,77,10.042653914706493,57.1948051948052,0.0006908841768180048,-3604,Overstock,0.10702197849278094,Low,1.7630104083266613,Healthy,0.0068054443554843875,-3604,Under-Forecast,5.505,Highly Overperforming,Low Demand Zone,16538,220200,0.9248955495004542,203662,10.853120352271363,28918,375.5584415584416,2859.7402597402597,32.44155844155844,43.33645785693237,49.09623802513231,46.0
WH175,Los Angeles,2366,3994,10,3,15,92482,S228,Furniture,1770,1.8241639642729868,4.735391191752465,2.81953460155612,25357,8940,9011,141,38,66,4.824163964272987,26.818181818181817,0.0010306011097587495,2224,Shortage,0.09330756792996017,Very Low,0.7480980557903635,Slow Moving,0.016060862214708368,2224,Overestimate (Unmet Demand),0.44316474712068105,Underperforming,Unmet Demand Zone,17951,88500,0.7971638418079096,70549,7.4254356161901525,74531,1129.2575757575758,1340.909090909091,35.84848484848485,17.417241236777997,46.501881171922754,32.0
WH419,San Francisco,2492,598,8,3,19,55080,S783,Automotive,4399,2.865143964390016,3.8694784283311616,1.5171659808176967,33279,18414,11372,89,29,5,5.8651439643900165,879.8,0.0006513171094316927,-3801,Overstock,0.07488205775413925,Very Low,1.7652487961476726,Healthy,0.011637239165329053,-3801,Under-Forecast,7.3561872909699,Highly Overperforming,Low Demand Zone,29786,219950,0.9400827566526361,190164,8.764334700248947,25294,5058.8,43990.0,498.4,43.2872566105008,48.978312713622785,46.0
WH246,Chicago,2610,3115,10,2,15,71855,S646,Apparel,3294,1.8237405142751533,8.629357553314616,2.990195130698364,42413,12091,7749,289,5,98,3.823740514275153,33.61224489795919,0.0005536552866651953,-179,Shortage,0.06153773607148751,Very Low,1.2620689655172415,Healthy,0.0019157088122605363,-179,Under-Forecast,1.0574638844301765,Accurate,Unmet Demand Zone,19840,164700,0.8795385549483911,144860,8.589381978638063,52015,530.765306122449,1680.6122448979593,26.632653061224488,32.41378114912244,51.29751050664345,42.0
WH401,Atlanta,3157,3940,5,2,8,99706,S219,Groceries,4202,2.6390383873176684,2.1545729402702984,4.772301858739361,45610,12957,14529,270,5,53,4.639038387317669,79.28301886792453,0.000628043404882834,-262,Shortage,0.06921727691295769,Very Low,1.3310104529616724,Healthy,0.0015837820715869496,-262,Under-Forecast,1.066497461928934,Accurate,Unmet Demand Zone,27486,210100,0.8983982202447164,182614,3.8468470167025655,72220,1362.6415094339623,3964.1509433962265,59.56603773584906,41.34872750109669,62.04836807259515,52.0
WH079,Dallas,3347,878,6,5,24,55163,S581,Automotive,3689,2.3453571181140878,0.8663331798780438,2.087799942294664,19511,11709,12230,210,44,78,7.345357118114087,47.294871794871796,0.0006357704304998883,-2811,Overstock,0.1715442570857465,Low,1.1021810576635793,Healthy,0.013146100985957573,-2811,Under-Forecast,4.2015945330296125,Highly Overperforming,Low Demand Zone,23939,184450,0.9288195336882688,160511,9.863843784259203,31224,400.3076923076923,2364.74358974359,42.91025641025641,36.300679617216964,65.78266960373011,51.0
WH113,Houston,1875,4065,9,2,23,48912,S164,Apparel,1713,4.9459697662334925,6.440620880207227,2.094185523348728,24950,1887,14635,298,24,90,6.9459697662334925,19.033333333333335,0.0028873145161900132,2352,Shortage,0.07515030060120241,Very Low,0.9136,Slow Moving,0.0128,2352,Overestimate (Unmet Demand),0.42140221402214023,Underperforming,Unmet Demand Zone,16522,85650,0.9224666359871145,69128,11.136026264062169,32390,359.8888888888889,951.6666666666666,20.833333333333332,16.85634702745803,36.85165984672661,27.0
WH482,Dallas,654,2773,6,6,25,37339,S980,Furniture,2042,3.0570397871626613,1.3311917566619993,1.1773881095956478,48570,4473,1954,268,19,82,9.057039787162662,24.902439024390244,0.0014970811886203042,731,Shortage,0.013465101914762198,Very Low,3.1223241590214066,Fast Moving,0.0290519877675841,731,Overestimate (Unmet Demand),0.7363865849260729,Underperforming,Low Demand Zone,6427,102100,0.9638679644519679,95673,10.408073123328874,30912,376.9756097560976,1245.121951219512,7.975609756097561,20.093789042655747,12.853858954538243,16.0
WH095,Denver,4991,2525,5,2,11,79488,S320,Furniture,9049,0.882523775170698,8.559356587605937,4.01398501991862,22805,3272,13564,126,48,94,2.8825237751706982,96.26595744680851,9.752721573330733e-05,-6524,Overstock,0.2188555141416356,Low,1.8130635143257865,Healthy,0.009617311160088158,-6524,Under-Forecast,3.583762376237624,Highly Overperforming,Under-Forecast Zone,16836,452450,0.9347880364109232,435614,6.970692169629808,62652,666.5106382978723,4813.297872340426,53.09574468085106,89.04441579186671,98.09420495734001,94.0
WH387,Chicago,1889,2271,9,4,11,91701,S759,Groceries,3138,3.660245870006418,6.999616024693093,1.625875066422891,30630,6237,13797,63,19,92,7.660245870006419,34.108695652173914,0.001166426344807654,-867,Shortage,0.06167156382631407,Very Low,1.6611964002117523,Healthy,0.010058231868713605,-867,Under-Forecast,1.3817701453104358,Overperforming,Low Demand Zone,20034,156900,0.8516512363764209,136866,6.502902276968543,71667,778.9891304347826,1705.4347826086957,20.532608695652176,30.87870226045726,37.1268189069155,34.0
WH189,Los Angeles,939,4581,9,2,9,96247,S286,Electronics,1312,4.22581435457915,4.229580651247242,3.634583879275223,46548,2946,5515,150,5,28,6.22581435457915,46.857142857142854,0.003220895087331669,3269,Shortage,0.020172724929105438,Very Low,1.3972310969116082,Healthy,0.005324813631522897,3269,Overestimate (Unmet Demand),0.2864003492687186,Underperforming,Unmet Demand Zone,8461,65600,0.9000179533213645,57139,4.87047163946363,87786,3135.214285714286,2342.8571428571427,33.535714285714285,12.91040706364561,18.455311251240687,16.0
WH039,New York,2347,2434,7,3,17,93079,S445,Electronics,2906,1.1920186050854469,4.713906096287271,2.2531771140801244,46837,5506,9020,88,24,21,4.192018605085447,138.38095238095238,0.00041019222473690533,-472,Shortage,0.050109955804171914,Very Low,1.2381763953983809,Healthy,0.010225820195994887,-472,Under-Forecast,1.1939194741166803,Accurate,Low Demand Zone,14526,145300,0.9420907385906939,130774,8.21723957494498,78553,3740.6190476190477,6919.047619047619,111.76190476190476,28.595764426032122,46.12845101880926,37.0
WH233,Atlanta,4434,4997,8,2,20,65546,S355,Groceries,9664,2.369220536777128,5.4782019266972135,3.025049085793932,20120,5212,7969,97,18,77,4.369220536777128,125.50649350649351,0.00024515940984862666,-4667,Shortage,0.22037773359840954,Low,2.1795218764095625,Fast Moving,0.0040595399188092015,-4667,Under-Forecast,1.9339603762257354,Overperforming,Future Demand Zone,13181,483200,0.9771384568926469,470019,9.644678439984807,52365,680.0649350649351,6275.324675324675,57.58441558441559,95.0961691029506,87.1468052055391,91.0
WH303,Miami,1602,4403,9,3,5,98673,S139,Electronics,4423,3.422803141811317,9.035054141753209,2.013285407379977,12348,5046,13352,268,42,7,6.4228031418113165,631.8571428571429,0.0007738646036200129,-20,Shortage,0.12973760932944606,Low,2.760923845193508,Fast Moving,0.026217228464419477,-20,Under-Forecast,1.004542357483534,Accurate,Unmet Demand Zone,18398,221150,0.8933142467620995,202752,4.718381411065288,80275,11467.857142857143,31592.85714285714,228.85714285714286,43.52342259337236,31.48605817304322,38.0
WH105,Miami,2936,5034,3,6,9,82925,S372,Furniture,9521,3.1184629855361354,2.2618466159821398,4.6972873053061015,23562,19875,1132,55,36,22,9.118462985536135,432.77272727272725,0.00032753523637602515,-4487,Shortage,0.12460741872506578,Low,3.2428474114441417,Fast Moving,0.01226158038147139,-4487,Under-Forecast,1.8913388955105284,Overperforming,Future Demand Zone,21007,476050,0.9381072965669102,455043,4.282232458909084,61918,2814.4545454545455,21638.636363636364,133.45454545454547,93.68901345500751,57.70478576532764,76.0
WH018,Atlanta,2437,1217,4,4,5,75859,S656,Furniture,4990,2.707463618478855,2.629567306502714,2.808186401079272,36928,10790,12841,224,24,18,6.7074636184788545,277.22222222222223,0.0005425778794546803,-3773,Overstock,0.0659932842287695,Very Low,2.047599507591301,Fast Moving,0.009848173984407058,-3773,Under-Forecast,4.10024650780608,Highly Overperforming,Low Demand Zone,23631,249500,0.8785749861649143,225869,2.791824644146136,52228,2901.5555555555557,13861.111111111111,135.38888888888889,49.10284393871311,47.89733069145213,49.0
WH350,Miami,2652,1374,2,7,21,44162,S230,Furniture,5892,3.4998594681456465,8.106075918912826,3.3667663126755167,20238,15998,5669,198,9,82,10.499859468145647,71.85365853658537,0.000594001946392676,-4518,Overstock,0.13104061666172548,Low,2.2217194570135748,Fast Moving,0.003393665158371041,-4518,Under-Forecast,4.288209606986899,Highly Overperforming,Under-Forecast Zone,21667,294600,0.9264528173794976,272933,10.83284087522136,22495,274.3292682926829,3592.682926829268,32.34146341463415,57.97874879496947,52.12298768721012,55.0
WH287,Atlanta,4693,4306,4,1,24,38920,S129,Automotive,9883,3.5767868342908464,7.175892317258725,2.721773368535052,22130,17787,4640,90,2,97,4.576786834290846,101.88659793814433,0.0003619130663048514,-5577,Overstock,0.21206507004066877,Low,2.105902407841466,Fast Moving,0.0004261666311527807,-5577,Under-Forecast,2.2951695308871343,Highly Overperforming,Future Demand Zone,22427,494150,0.9550982137558602,471723,11.752895545166965,16493,170.03092783505156,5094.329896907217,48.381443298969074,97.25118369665364,92.2372478190336,95.0
WH354,Los Angeles,2929,2193,4,1,23,93422,S519,Electronics,6796,2.4544030599094624,4.861912174903886,1.3737950860041748,12910,3528,10857,63,24,87,3.4544030599094624,78.11494252873563,0.0003611540700278785,-4603,Overstock,0.22687838884585593,Low,2.3202458176852168,Fast Moving,0.008193922840559918,-4603,Under-Forecast,3.098951208390333,Highly Overperforming,Under-Forecast Zone,14385,339800,0.9533669239109637,325415,10.661031829323335,79037,908.471264367816,3905.7471264367814,33.666666666666664,66.87433414979846,57.5672062352332,62.0
WH395,Dallas,4860,5137,6,1,6,55459,S157,Automotive,1101,3.552012205955158,3.362482116668532,4.441950849272167,36306,2942,3679,179,43,48,4.552012205955158,22.9375,0.003226169124391606,4036,Shortage,0.1338621715418939,Low,0.22654320987654322,Dead Stock,0.008847736625514403,4036,Overestimate (Unmet Demand),0.21432742846019076,Underperforming,Unmet Demand Zone,6621,55050,0.8797275204359672,48429,3.4113989559882145,48838,1017.4583333333334,1146.875,101.25,10.834114464233092,95.51950232271538,53.0
WH344,Denver,985,474,6,7,5,96689,S532,Apparel,9816,1.206092406774633,4.930170322739985,3.6090031810961056,43485,11804,3414,113,9,83,8.206092406774633,118.26506024096386,0.00012287004958991778,-9342,Overstock,0.022651489019202022,Very Low,9.965482233502538,Very Fast,0.009137055837563452,-9342,Under-Forecast,20.70886075949367,Highly Overperforming,Under-Forecast Zone,15218,490800,0.9652191345993206,475582,3.481792213573265,81471,981.5783132530121,5913.253012048192,11.867469879518072,96.59188699447051,19.359405306147046,58.0
WH418,Chicago,3322,2770,3,6,22,90331,S476,Apparel,6836,3.0223524789461256,4.474620031316709,1.7795892787025895,24388,16588,9369,105,28,6,9.022352478946125,1139.3333333333333,0.0004421229489388715,-4066,Overstock,0.1362145317369198,Low,2.057796508127634,Fast Moving,0.008428657435279952,-4066,Under-Forecast,2.467870036101083,Highly Overperforming,Under-Forecast Zone,25957,341800,0.9240579286132241,315843,10.144914606625598,64374,10729.0,56966.666666666664,553.6666666666666,67.26794412125106,65.2913141391071,66.0
WH181,Denver,3264,2646,6,1,10,65921,S627,Apparel,3316,2.82938888827762,4.0461998363244565,3.3780191693645083,49628,19408,4478,177,29,93,3.82938888827762,35.655913978494624,0.000853253585125941,-670,Overstock,0.06576932376884018,Very Low,1.0159313725490196,Healthy,0.008884803921568627,-670,Under-Forecast,1.253212396069539,Overperforming,Low Demand Zone,23886,165800,0.9050835443037974,141914,5.216525392073808,42035,451.98924731182797,1782.7956989247311,35.096774193548384,32.63026663342138,64.15136946118169,48.0
WH128,Seattle,1410,2117,8,5,25,68512,S984,Automotive,7919,0.9952261784291656,3.0121736994564587,3.818971135570209,25647,13314,2177,16,10,33,5.995226178429165,239.96969696969697,0.0001256757391626677,-5802,Shortage,0.054977190314656685,Very Low,5.616312056737589,Very Fast,0.0070921985815602835,-5802,Under-Forecast,3.740670760510156,Highly Overperforming,Under-Forecast Zone,15491,395950,0.9608763732794545,380459,10.905779769411405,53021,1606.6969696969697,11998.484848484848,42.72727272727273,77.92493409833048,27.71244820473841,53.0
WH404,Atlanta,1319,4559,3,6,13,74534,S305,Furniture,5863,4.4910984654637645,8.92549172833224,4.622318789842045,22844,3352,12320,226,22,52,10.491098465463764,112.75,0.00076600690183588,-1304,Shortage,0.05773945018385572,Very Low,4.445034116755117,Fast Moving,0.016679302501895376,-1304,Under-Forecast,1.2860276376398332,Overperforming,Future Demand Zone,15672,293150,0.9489747559744194,277478,7.882651309250241,58862,1131.9615384615386,5637.5,25.365384615384617,57.69338156566632,25.923914313510615,42.0
WH354,Atlanta,3013,2774,2,1,14,68302,S306,Furniture,8883,2.383043141033821,7.57452288357724,4.99825819132484,15190,13477,8696,255,7,94,3.383043141033821,94.5,0.00026827008229582584,-6109,Overstock,0.19835418038183014,Low,2.9482243611018917,Fast Moving,0.0023232658479920344,-6109,Under-Forecast,3.2022350396539294,Highly Overperforming,Under-Forecast Zone,22173,444150,0.9533669239109637,421977,7.873053844827569,46129,490.7340425531915,4725.0,32.0531914893617,87.41093441033838,59.21816059636655,73.0
WH106,Los Angeles,3765,3292,3,1,9,62523,S154,Apparel,6925,4.259642944243053,0.9905146784731604,3.062051985854062,36936,3612,5023,300,6,55,5.259642944243053,125.9090909090909,0.0006151108944755312,-3633,Overstock,0.1019330734243015,Low,1.8393094289508631,Healthy,0.0015936254980079682,-3633,Under-Forecast,2.103584447144593,Highly Overperforming,Future Demand Zone,8635,346250,0.9389687892991883,337615,3.897632491191351,53888,979.7818181818182,6295.454545454545,68.45454545454545,68.14372630773312,73.99813297222704,71.0
WH257,Houston,1169,3503,3,6,11,79946,S198,Electronics,6622,2.168005386211944,5.748849669127982,4.299019568035421,35367,18442,6998,133,25,74,8.168005386211945,89.48648648648648,0.0003273943500773096,-3119,Shortage,0.03305341137218311,Very Low,5.664670658682635,Very Fast,0.0213857998289136,-3119,Under-Forecast,1.8903796745646588,Overperforming,Future Demand Zone,25440,331100,0.8951268405180061,305660,6.13107064068707,54506,736.5675675675676,4474.324324324324,15.797297297297296,65.1621307739796,22.975781525772486,44.0
WH305,New York,1969,1594,2,6,24,67751,S755,Apparel,1686,4.145867799755509,9.617225293667742,3.020691256782289,49519,6988,2877,46,27,68,10.145867799755509,24.794117647058822,0.0024589963225121643,-92,Overstock,0.03976251539813001,Very Low,0.856272219400711,Slow Moving,0.013712544438801422,-92,Under-Forecast,1.0577164366373901,Accurate,Low Demand Zone,9865,84300,0.8467582636399841,74435,12.489281351431964,57886,851.2647058823529,1239.7058823529412,28.955882352941178,16.590660296727517,38.699156393709174,28.0
WH090,Seattle,3512,3056,2,5,11,81104,S775,Electronics,1239,1.5537477711932466,6.524725714810358,1.7705569837803274,38384,18938,11559,57,38,42,6.553747771193247,29.5,0.0012540337136345817,1817,Overstock,0.09149645685702376,Very Low,0.3527904328018223,Dead Stock,0.01082004555808656,1817,Overestimate (Unmet Demand),0.40543193717277487,Underperforming,Low Demand Zone,30497,61950,0.9199006269963327,31453,6.360663728110533,50607,1204.9285714285713,1475.0,83.61904761904762,12.192068865744597,69.02561567024206,41.0
WH033,Atlanta,2845,3243,4,2,23,40414,S944,Automotive,8936,3.677748308765268,5.66030557199651,3.142890987644858,19590,9593,6891,294,14,18,5.677748308765268,496.44444444444446,0.0004115653881787453,-5693,Shortage,0.14522715671260847,Low,3.1409490333919154,Fast Moving,0.00492091388400703,-5693,Under-Forecast,2.755473327166204,Highly Overperforming,Future Demand Zone,16484,446800,0.949400945601912,430316,10.899567945764156,23930,1329.4444444444443,24822.222222222223,158.05555555555554,87.93246762251309,55.91625187409985,72.0
WH382,Miami,4258,4740,6,7,20,80668,S417,Automotive,5312,4.727865362298307,3.5719377431829247,4.123246920147931,27619,4776,12277,13,42,91,11.727865362298306,58.37362637362637,0.0008900348950109765,-572,Shortage,0.1541692313262609,Low,1.2475340535462658,Healthy,0.00986378581493659,-572,Under-Forecast,1.120675105485232,Accurate,Future Demand Zone,17053,265600,0.9357944277108434,248547,9.074540458699358,63615,699.065934065934,2918.6813186813188,46.79120879120879,52.27140420890662,83.68766273459302,68.0
WH001,Miami,3807,3440,10,1,24,42372,S372,Furniture,4503,1.544249907416704,2.2804952230500457,1.241844082686431,13306,18195,9484,63,4,59,2.544249907416704,76.32203389830508,0.00034293802074543726,-1063,Overstock,0.2861115286336991,Moderate,1.1828211189913318,Healthy,0.0010506960861570791,-1063,Under-Forecast,1.3090116279069768,Overperforming,Unmet Demand Zone,27679,225150,0.8343048174181382,197471,10.284463775740862,14693,249.03389830508473,3816.101694915254,64.52542372881356,44.310642536277584,74.82361015279372,60.0
WH330,Denver,4403,4734,10,4,7,77444,S317,Electronics,3880,1.758340306240136,6.994654001430552,1.6622287527436947,31326,2080,6426,18,23,52,5.758340306240136,74.61538461538461,0.0004531804912990041,854,Shortage,0.1405541722530805,Low,0.8812173518055871,Slow Moving,0.005223711106064047,854,Overestimate (Unmet Demand),0.819602872834812,Underperforming,Unmet Demand Zone,8506,194000,0.9440259332845341,185494,4.899963313760985,68938,1325.7307692307693,3730.769230769231,84.67307692307692,38.18016723090318,86.53752442940655,62.0
WH080,Seattle,4039,1966,5,1,16,82812,S892,Furniture,3353,1.623880837111609,4.827142990295423,1.1974195266658318,17616,15539,4666,55,30,40,2.623880837111609,83.825,0.0004843068407729224,-1387,Overstock,0.22928019981834696,Low,0.830155979202773,Slow Moving,0.007427581084426839,-1387,Under-Forecast,1.7054933875890133,Overperforming,Low Demand Zone,20205,167650,0.9216015275374426,147445,7.850371171413955,62607,1565.175,4191.25,100.975,32.994355857015044,79.38338886449536,56.0
WH488,Dallas,4067,2729,7,2,12,46080,S622,Automotive,4596,1.4063876567670106,7.932470020225499,1.7886836885313042,10940,6967,11725,260,8,90,3.4063876567670106,51.06666666666667,0.00030600253628525035,-1867,Overstock,0.3717550274223035,Moderate,1.130071305630686,Healthy,0.001967051880993361,-1867,Under-Forecast,1.684133382191279,Overperforming,Low Demand Zone,18692,229800,0.9322048425112492,211108,7.180331121631949,27388,304.31111111111113,2553.3333333333335,45.18888888888889,45.2257857199049,79.93370698487314,63.0
WH201,Los Angeles,4179,964,6,1,10,55053,S520,Groceries,4124,1.479340516748494,3.581714604173842,1.9992269502234052,29722,9487,7488,253,0,45,2.4793405167484943,91.64444444444445,0.00035871496526394136,-3160,Overstock,0.14060292039566652,Low,0.9868389566882029,Slow Moving,0.0,-3160,Under-Forecast,4.278008298755187,Highly Overperforming,Low Demand Zone,16975,206200,0.9176770126091174,189225,5.074514381252152,38078,846.1777777777778,4582.222222222223,92.86666666666666,40.5811880567641,82.13497946638428,61.0
WH056,Atlanta,4278,3427,5,3,19,39851,S396,Electronics,9286,2.8231035661565462,9.085423138809496,3.5575498356588,38006,14959,11699,278,48,80,5.823103566156546,116.075,0.0003040171835189044,-5859,Overstock,0.11256117455138662,Low,2.1706404862085087,Fast Moving,0.011220196353436185,-5859,Under-Forecast,2.7096585935220308,Highly Overperforming,Future Demand Zone,26658,464300,0.9472899532864004,437642,10.328993000548879,13193,164.9125,5803.75,53.475,91.37655487272343,84.08074710629144,88.0
WH046,Los Angeles,4545,2036,2,6,8,90308,S801,Apparel,7029,2.658175319155957,7.241184773682219,1.3017447317844013,25207,5008,12688,231,45,98,8.658175319155957,71.72448979591837,0.0003781726161838038,-4993,Overstock,0.18030705756337526,Low,1.5465346534653466,Healthy,0.009900990099009901,-4993,Under-Forecast,3.4523575638506876,Highly Overperforming,Under-Forecast Zone,17696,351450,0.9496485986626831,333754,5.375325729134368,72612,740.9387755102041,3586.2244897959185,46.37755102040816,69.16711223350991,89.3284234684653,79.0
WH442,Chicago,544,4553,9,3,20,59227,S407,Groceries,9535,1.777482496171107,8.202470619682316,1.8649757697318008,11085,14270,6211,275,50,46,4.777482496171107,207.2826086956522,0.00018641662256645066,-4982,Shortage,0.04907532701849346,Very Low,17.527573529411764,Very Fast,0.09191176470588236,-4982,Under-Forecast,2.0942235888425214,Highly Overperforming,Future Demand Zone,20481,476750,0.9570403775563713,456269,10.48831471531646,38746,842.304347826087,10364.130434782608,11.826086956521738,93.82677694501594,10.691894910196948,52.0
WH209,Denver,3328,3027,2,3,22,93013,S544,Groceries,7683,1.3716127282656592,3.081702746518394,3.243556193698297,15557,6652,8795,216,28,13,4.371612728265659,591.0,0.0001785256707361264,-4656,Overstock,0.21392299286494826,Low,2.30859375,Fast Moving,0.008413461538461538,-4656,Under-Forecast,2.5381565906838452,Highly Overperforming,Under-Forecast Zone,15447,384150,0.959789144865287,368703,9.727034862417058,77566,5966.615384615385,29550.0,256.0,75.60263526676009,65.40923945061662,71.0
WH390,Houston,1124,4854,7,1,16,30515,S503,Groceries,1927,1.4056862016276646,2.733842988478245,2.3406769407055235,39339,15148,14579,179,20,79,2.4056862016276646,24.39240506329114,0.000729468708680677,2927,Shortage,0.02857215485904573,Very Low,1.7144128113879002,Healthy,0.017793594306049824,2927,Overestimate (Unmet Demand),0.3969921714050268,Underperforming,Unmet Demand Zone,29727,96350,0.7838133764832794,66623,7.225490974835289,788,9.974683544303797,1219.620253164557,14.227848101265822,18.962160374729493,22.091341689451045,21.0
WH042,Chicago,2279,1930,10,7,24,72812,S569,Automotive,4016,3.270863467961015,3.646862301692016,1.0138251716378477,46299,6101,12458,163,30,51,10.270863467961014,78.74509803921569,0.0008144580348508504,-2086,Overstock,0.04922352534611979,Very Low,1.7621763931548926,Healthy,0.013163668275559455,-2086,Under-Forecast,2.0808290155440416,Highly Overperforming,Low Demand Zone,18559,200800,0.9075747011952191,182241,10.698007790990275,54253,1063.7843137254902,3937.2549019607845,44.68627450980392,39.51844113384205,44.79196415503464,42.0
WH414,Dallas,2358,2655,6,7,23,45715,S995,Groceries,1413,2.658152206827753,2.996627471491692,1.898483055164693,26390,7744,5653,140,21,76,9.658152206827753,18.592105263157894,0.0018812117528858832,1242,Shortage,0.08935202728306177,Very Low,0.5992366412213741,Slow Moving,0.008905852417302799,1242,Overestimate (Unmet Demand),0.5322033898305085,Underperforming,Low Demand Zone,13397,70650,0.8975990099009901,57253,10.1016599971727,32318,425.2368421052632,929.6052631578947,31.026315789473685,13.90427224156345,46.34464742324339,30.0
WH390,Miami,1376,5004,2,1,24,64485,S742,Furniture,3285,3.9940003122316288,4.566255197068634,3.509173281292153,48768,16192,9028,199,32,20,4.994000312231629,164.25,0.0012158296232059752,1719,Shortage,0.02821522309711286,Very Low,2.3873546511627906,Fast Moving,0.023255813953488372,1719,Overestimate (Unmet Demand),0.6564748201438849,Underperforming,Unmet Demand Zone,25220,164250,0.7838133764832794,139030,10.976853303306637,39265,1963.25,8212.5,68.8,32.325218905545604,27.044204772851103,30.0
WH001,Chicago,3721,3835,6,7,14,60781,S565,Automotive,1330,1.0590771242213273,4.227656217117181,4.43857426913306,33682,14240,6406,0,41,95,8.059077124221327,14.0,0.0007962985896400957,2505,Shortage,0.11047443738495338,Low,0.35743079817253426,Dead Stock,0.011018543402311207,2505,Overestimate (Unmet Demand),0.3468057366362451,Underperforming,Unmet Demand Zone,20646,66500,0.8343048174181382,45854,6.871602428155848,40135,422.4736842105263,700.0,39.16842105263158,13.087531550799286,73.13334735449052,43.0
WH266,Miami,4874,4415,8,1,11,87222,S851,Groceries,6771,3.990190340030412,9.454588072113554,2.830472259473992,37502,1217,8138,6,15,39,4.990190340030412,173.6153846153846,0.0005893059134589295,-2356,Overstock,0.12996640179190444,Low,1.3892080426754205,Healthy,0.0030775543701272055,-2356,Under-Forecast,1.5336353340883353,Overperforming,Future Demand Zone,9355,338550,0.9494801167457132,329195,7.237299687945105,77867,1996.5897435897436,8680.76923076923,124.97435897435898,66.62832791764058,95.79466138290427,81.0
WH039,Chicago,4264,676,4,3,13,35183,S120,Groceries,5645,4.595759430358646,6.895952085947726,3.714721486862498,45076,18049,2828,117,11,80,7.595759430358646,70.5625,0.0008141292170697335,-4969,Overstock,0.0945957937705209,Very Low,1.323874296435272,Healthy,0.0025797373358348967,-4969,Under-Forecast,8.350591715976332,Highly Overperforming,Under-Forecast Zone,20877,282250,0.9420907385906939,261373,7.269559546985068,14306,178.825,3528.125,53.3,55.5482072212496,83.80558804610254,70.0
WH037,Miami,2570,3036,5,6,16,72382,S602,Electronics,2353,2.1657178618669675,1.4077363114477377,4.603616446685138,27852,7710,1039,132,45,50,8.165717861866968,47.06,0.0009204070811164333,683,Shortage,0.09227344535401408,Very Low,0.9155642023346303,Slow Moving,0.017509727626459144,683,Overestimate (Unmet Demand),0.7750329380764164,Underperforming,Low Demand Zone,8749,117650,0.9239824771007566,108901,6.827573811722259,63633,1272.66,2353.0,51.4,23.15410657069979,50.51134176324661,37.0
WH500,Dallas,4798,2861,8,4,23,70972,S966,Automotive,5015,4.650455809547309,4.900964559372193,2.980073154668501,39543,8082,13117,136,26,14,8.65045580954731,358.2142857142857,0.0009273092342068413,-2154,Overstock,0.12133626684874693,Low,1.0452271779908295,Healthy,0.005418924551896623,-2154,Under-Forecast,1.752883607130374,Overperforming,Low Demand Zone,21199,250750,0.9154576271186441,229551,10.671915045177228,49773,3555.214285714286,17910.714285714286,342.7142857142857,49.34885017087099,94.30094077045028,72.0
WH361,Houston,3845,1896,6,3,12,67556,S598,Electronics,9719,4.072614418912835,8.415299805686121,2.7669271949125624,34874,14922,13314,126,11,97,7.072614418912835,100.19587628865979,0.00041903636371157883,-7823,Overstock,0.1102540574640133,Low,2.527698309492848,Fast Moving,0.002860858257477243,-7823,Under-Forecast,5.126054852320675,Highly Overperforming,Under-Forecast Zone,28236,485950,0.9277272324984512,457714,7.3254481991830795,39320,405.36082474226805,5009.79381443299,39.63917525773196,95.63738281369794,75.57047045902071,86.0
WH391,Miami,2671,2527,6,2,18,36034,S102,Automotive,1288,4.562037056130106,3.703467467427796,4.406367856102272,49979,12654,3570,25,20,51,6.562037056130106,25.254901960784313,0.003541954236125859,1239,Overstock,0.05344244582724744,Very Low,0.4822163983526769,Dead Stock,0.007487832272557095,1239,Overestimate (Unmet Demand),0.5096952908587258,Underperforming,Low Demand Zone,16224,64400,0.7480745341614907,48176,8.313286589910106,19810,388.4313725490196,1262.7450980392157,52.372549019607845,12.674241080774046,52.496417840323616,33.0
WH027,New York,4759,484,9,2,17,96825,S131,Automotive,3694,0.8309198768315766,3.560419599792402,3.2033900280493843,16996,7961,14110,119,41,85,2.830919876831577,43.45882352941177,0.00022493770352776844,-3210,Overstock,0.28000706048481994,Moderate,0.7762134902290397,Slow Moving,0.008615255305736499,-3210,Under-Forecast,7.632231404958677,Highly Overperforming,Low Demand Zone,22071,184700,0.8805035192203573,162629,7.870710456529442,74754,879.4588235294118,2172.9411764705883,55.98823529411764,36.34988086364854,93.53442624563837,65.0
WH141,Miami,659,4727,10,5,8,42631,S798,Furniture,8771,3.7807064296169504,3.436632472597457,3.091611397439918,46742,13170,3430,178,6,82,8.78070642961695,106.96341463414635,0.00043104622387606323,-4044,Shortage,0.014098669291001668,Very Low,13.309559939301973,Very Fast,0.009104704097116844,-4044,Under-Forecast,1.8555108948593189,Overperforming,Future Demand Zone,16600,438550,0.9522941523922032,421950,4.233721153008372,26031,317.4512195121951,5348.170731707317,8.036585365853659,86.30882649027107,12.952130047462846,50.0
WH398,Atlanta,1859,3467,2,6,18,79114,S637,Automotive,1103,4.792046456246479,5.049971077105031,1.3953847664704364,22704,4727,7642,15,36,60,10.792046456246478,18.383333333333333,0.0043445570772860185,2364,Shortage,0.08187984496124032,Very Low,0.593329747175901,Slow Moving,0.019365250134480903,2364,Overestimate (Unmet Demand),0.3181424862993943,Underperforming,Unmet Demand Zone,12369,55150,0.7757207615593835,42781,8.720800898171854,66745,1112.4166666666667,919.1666666666666,30.983333333333334,10.853794962805724,36.53719234936788,24.0
WH488,Miami,734,2644,4,3,17,82106,S853,Groceries,3149,2.3510002468161737,3.311114917107901,2.340524176693509,25240,5249,1900,201,45,49,5.351000246816174,64.26530612244898,0.0007465862962261587,-505,Shortage,0.029080824088748018,Very Low,4.290190735694823,Fast Moving,0.06130790190735695,-505,Under-Forecast,1.190998487140696,Accurate,Low Demand Zone,7149,157450,0.9322048425112492,150301,7.811726845704578,74957,1529.734693877551,3213.265306122449,14.979591836734693,30.986945002606728,14.42619644133191,23.0
WH122,Dallas,4100,5099,7,2,12,52305,S668,Apparel,4137,3.935873607515373,3.899368335105133,4.599728315617082,17206,7229,10178,155,18,91,5.935873607515373,45.46153846153846,0.0009513835164407477,962,Shortage,0.23828896896431478,Low,1.0090243902439024,Healthy,0.004390243902439025,962,Overestimate (Unmet Demand),0.8113355559913709,Underperforming,Unmet Demand Zone,17407,206850,0.867108695652174,189443,5.971127573702272,34898,383.4945054945055,2273.076923076923,45.05494505494506,40.709111297486196,80.58229619817553,61.0
WH202,Chicago,2011,3949,5,2,21,59432,S469,Automotive,2891,2.426555640359147,7.69024545329578,4.975743289652216,13524,12644,3492,26,33,74,4.4265556403591475,39.067567567567565,0.0008393481979796427,1058,Shortage,0.1486986098787341,Low,1.4375932371954252,Healthy,0.016409746394828444,1058,Overestimate (Unmet Demand),0.732084071916941,Underperforming,Unmet Demand Zone,16136,144550,0.8566692456479691,128414,10.711996559907183,43296,585.081081081081,1953.3783783783783,27.175675675675677,28.448160686737396,39.52463357427585,34.0
WH475,Atlanta,4328,1522,6,3,19,50887,S401,Furniture,4595,1.225912772528076,1.3565060675912683,4.44173182280283,20088,17571,7604,97,31,93,4.225912772528076,49.40860215053763,0.00026679276877651274,-3073,Overstock,0.21545201115093587,Low,1.0616913123844731,Healthy,0.007162661737523105,-3073,Under-Forecast,3.019053876478318,Highly Overperforming,Low Demand Zone,25175,229750,0.890424374319913,204575,8.009100618798637,25712,276.4731182795699,2470.430107526882,46.53763440860215,45.215945470618585,85.06345803553748,65.0
WH164,Atlanta,1130,5141,2,5,14,62347,S103,Apparel,3431,1.2448179642417778,4.628427681400431,3.40349220255632,42992,4735,14388,264,17,13,6.244817964241777,263.9230769230769,0.0003628149123409437,1710,Shortage,0.026283959806475625,Very Low,3.0362831858407078,Fast Moving,0.01504424778761062,1710,Overestimate (Unmet Demand),0.6673798871814822,Underperforming,Unmet Demand Zone,19123,171550,0.8885281259108132,152427,6.993041578756412,43224,3324.923076923077,13196.153846153846,86.92307692307692,33.76189530134763,22.209267000960573,28.0
WH163,Denver,691,2105,7,6,7,72227,S441,Apparel,5715,0.517357453398711,5.80637413604332,3.612657035700576,31692,9854,13762,20,20,23,6.517357453398711,248.47826086956522,9.05262385649538e-05,-3610,Shortage,0.02180360974378392,Very Low,8.270622286541245,Very Fast,0.02894356005788712,-3610,Under-Forecast,2.7149643705463182,Highly Overperforming,Under-Forecast Zone,23616,285750,0.9173543307086615,262134,4.550595308830363,48611,2113.521739130435,12423.91304347826,30.043478260869566,56.237024671291664,13.581065042180315,35.0
WH494,New York,3139,1614,4,2,24,63111,S187,Automotive,8588,3.203501207736076,3.496650539734967,3.893917070334103,24561,9978,14532,76,28,92,5.2035012077360765,93.34782608695652,0.00037302063434281276,-6974,Overstock,0.1278042424982696,Low,2.7359031538706593,Fast Moving,0.008920038228735267,-6974,Under-Forecast,5.320941759603469,Highly Overperforming,Under-Forecast Zone,24510,429400,0.9429203539823009,404890,10.651671173389113,38601,419.57608695652175,4667.391304347826,34.119565217391305,84.50806087087538,61.69459213806658,73.0
WH109,Miami,4011,4098,2,5,11,46152,S408,Automotive,5323,2.965608913195495,6.362546426915857,2.2123094669803502,18705,7073,13970,9,7,83,7.965608913195495,64.13253012048193,0.0005571311127551183,-1225,Shortage,0.21443464314354452,Low,1.3271004736973324,Healthy,0.0017452006980802793,-1225,Under-Forecast,1.2989263055148854,Overperforming,Future Demand Zone,21043,266150,0.8789061934081854,245107,6.309287488284181,25109,302.51807228915663,3206.626506024096,48.325301204819276,52.37964695105609,78.83307074411756,66.0
WH088,Denver,4839,3605,4,4,12,87571,S967,Furniture,6480,2.5926284864434326,9.661415588785433,3.722192402585713,11626,5702,3342,221,35,75,6.592628486443433,86.4,0.00040009698864867786,-2875,Overstock,0.4162222604507139,High,1.3391196528208307,Healthy,0.007232899359371771,-2875,Under-Forecast,1.7975034674063801,Overperforming,Future Demand Zone,9044,324000,0.9583052805280529,314956,7.700594546443442,78527,1047.0266666666666,4320.0,64.52,63.76481537532283,95.10676373243204,79.0
WH476,New York,2870,3549,5,6,9,54988,S688,Automotive,6519,2.3369471652360128,6.182588307420106,4.557443631409145,26572,13100,3192,214,36,57,8.336947165236012,114.36842105263158,0.0003584824613032693,-2970,Shortage,0.10800842992623814,Low,2.2714285714285714,Fast Moving,0.012543554006968641,-2970,Under-Forecast,1.8368554522400675,Overperforming,Future Demand Zone,16292,325950,0.8973487456960157,309658,5.4585395584281216,38696,678.8771929824561,5718.421052631579,50.35087719298246,64.14858509748913,56.40760733872287,60.0
WH102,Chicago,2523,5037,2,4,7,85322,S990,Apparel,8354,2.4710722036810497,3.910110156986097,1.4706488125613095,39627,5718,11671,225,18,81,6.47107220368105,103.1358024691358,0.0002957950926120481,-3317,Shortage,0.06366871072753426,Very Low,3.3111375346809355,Fast Moving,0.007134363852556481,-3317,Under-Forecast,1.6585269009330952,Overperforming,Future Demand Zone,17389,417700,0.93521373661901,400311,3.9751733562515965,67933,838.679012345679,5156.79012345679,31.14814814814815,82.20544253787762,49.58759348975533,66.0
WH288,Los Angeles,2981,2203,7,5,12,81725,S739,Apparel,2543,1.504996937793761,1.6393072447117158,3.319409968903472,12566,12316,8711,194,49,89,6.504996937793761,28.573033707865168,0.0005918194800604644,-340,Overstock,0.23722743912143882,Low,0.8530694397853069,Slow Moving,0.016437437101643745,-340,Under-Forecast,1.1543349977303676,Accurate,Low Demand Zone,21027,127150,0.8346283916633896,106123,5.296723404544009,60698,682.0,1428.6516853932585,33.49438202247191,25.023753935099688,58.58922560164908,42.0
WH121,Dallas,3594,4135,5,1,19,82199,S237,Electronics,5103,4.295808529263957,8.387694633379652,4.200777495818175,13566,12058,11764,185,24,18,5.295808529263957,283.5,0.0008418202095363428,-968,Shortage,0.2649270234409553,Moderate,1.4198664440734559,Healthy,0.00667779632721202,-968,Under-Forecast,1.23409915356711,Overperforming,Unmet Demand Zone,23822,255150,0.9428873189181475,231328,10.11831172891206,58377,3243.1666666666665,14175.0,199.66666666666666,50.21479210806673,70.63726159420557,60.0
WH340,Miami,2753,4022,6,4,14,54693,S604,Apparel,6594,1.167104953916856,6.4277633843687925,4.0787152245079135,16172,3931,5384,72,29,22,5.167104953916856,299.72727272727275,0.0001769949884617616,-2572,Shortage,0.1702325006183527,Low,2.3952052306574645,Fast Moving,0.010533962949509626,-2572,Under-Forecast,1.6394828443560419,Overperforming,Future Demand Zone,9315,329700,0.9480270916334661,320385,7.531489204195491,45378,2062.6363636363635,14986.363636363636,125.13636363636364,64.88660379396278,54.10806376428713,59.0
WH088,Los Angeles,4772,1457,5,1,5,40177,S829,Groceries,5640,3.757307676346766,4.827620989708128,4.958809284073855,43571,13210,3013,192,9,47,4.757307676346766,120.0,0.0006661893043168025,-4183,Overstock,0.10952238874480733,Low,1.1818943839061191,Healthy,0.0018860016764459346,-4183,Under-Forecast,3.870967741935484,Highly Overperforming,Under-Forecast Zone,16223,282000,0.9583052805280529,265777,3.448852097415372,23954,509.6595744680851,6000.0,101.53191489361703,55.499005974818026,93.78993108724235,75.0
WH056,Dallas,3636,3453,8,6,11,50893,S990,Groceries,5913,2.429350460264812,4.500107242394876,3.653985948292594,38021,2774,10625,157,14,37,8.429350460264812,159.8108108108108,0.00041084905467018637,-2460,Overstock,0.09563136161594908,Very Low,1.6262376237623761,Healthy,0.0038503850385038503,-2460,Under-Forecast,1.7124239791485665,Overperforming,Future Demand Zone,13399,295650,0.9472899532864004,282251,5.751187288230014,37494,1013.3513513513514,7990.540540540541,98.27027027027027,58.185394029982085,71.46273877477225,65.0
WH222,Dallas,2049,2313,5,3,16,44699,S496,Automotive,5031,1.7913137598968638,4.96618886395882,4.5028807335033,47494,14434,14244,33,48,88,4.791313759896864,57.17045454545455,0.0003560552096793607,-2718,Shortage,0.04314229165789363,Very Low,2.4553440702781844,Fast Moving,0.02342606149341142,-2718,Under-Forecast,2.1750972762645913,Highly Overperforming,Low Demand Zone,28678,251550,0.8859948320413437,222872,7.89688447763567,16021,182.0568181818182,2858.5227272727275,23.28409090909091,49.50629415945203,40.271493880502845,45.0
WH034,San Francisco,2843,1770,2,5,20,87773,S849,Apparel,1507,1.0514535844229684,7.5464649757061855,4.341844174472403,28144,7977,1059,274,27,49,6.051453584422968,30.755102040816325,0.0006977130619926797,263,Overstock,0.1010162023877203,Low,0.5300738656348927,Slow Moving,0.009497010200492437,263,Overestimate (Unmet Demand),0.8514124293785311,Underperforming,Low Demand Zone,9036,75350,0.8800796284007962,66314,10.266788595772004,78737,1606.8775510204082,1537.7551020408164,58.02040816326531,14.829255674477086,55.876943436930006,35.0
WH347,Houston,2161,1243,2,3,20,50718,S662,Automotive,8371,3.9287828926228343,1.5903102237106872,4.128188611581448,40991,17666,10537,26,34,76,6.928782892622834,110.14473684210526,0.00046933256392579553,-7128,Overstock,0.05271888951233197,Very Low,3.873669597408607,Fast Moving,0.015733456732993985,-7128,Under-Forecast,6.734513274336283,Highly Overperforming,Under-Forecast Zone,28203,418550,0.933790246460409,390347,8.481813104133105,22515,296.25,5507.236842105263,28.43421052631579,82.37272677574498,42.47276636201398,62.0
WH026,Los Angeles,3723,4495,5,2,8,71632,S281,Electronics,1051,3.608916006864474,9.959796340167538,2.0507919247428528,38342,17265,6921,93,9,66,5.608916006864474,15.924242424242424,0.003433792585028044,3444,Shortage,0.09709978613530854,Very Low,0.2822992210582863,Dead Stock,0.0024174053182917004,3444,Overestimate (Unmet Demand),0.23381535038932147,Underperforming,Unmet Demand Zone,24186,52550,0.9006245690079795,28364,6.188664123645749,47446,718.8787878787879,796.2121212121212,56.40909090909091,10.34210199991733,73.17265579166036,42.0
WH007,Chicago,3451,1006,10,4,9,65441,S919,Apparel,6401,2.834905660604244,5.381435112021976,4.960373360725495,38157,7002,4023,24,33,96,6.834905660604244,66.67708333333333,0.00044288480871805097,-5395,Overstock,0.090442120711796,Very Low,1.8548246884960882,Healthy,0.009562445667922342,-5395,Under-Forecast,6.362823061630219,Highly Overperforming,Under-Forecast Zone,11025,320050,0.9411152965507054,309025,5.217299267306969,54416,566.8333333333334,3333.8541666666665,35.947916666666664,62.98743568170393,67.8267083365619,65.0
WH012,Seattle,2493,1158,6,1,16,40274,S405,Electronics,7689,0.5946722535741376,4.10135247088196,4.401669488097754,26879,3849,4042,12,43,99,1.5946722535741376,77.66666666666667,7.734064944389875e-05,-6531,Overstock,0.09274898619740318,Very Low,3.0842358604091458,Fast Moving,0.017248295226634576,-6531,Under-Forecast,6.639896373056994,Highly Overperforming,Under-Forecast Zone,7891,384450,0.9555397786594279,376559,7.63558022983258,32383,327.1010101010101,3883.3333333333335,25.181818181818183,75.66167676247798,48.9979669322077,62.0
WH341,Denver,3796,3992,7,7,16,53322,S219,Electronics,2125,1.324449434104031,7.227393537841966,2.9893097276670577,20650,10068,5006,26,30,32,8.32444943410403,66.40625,0.0006232703219313086,1867,Shortage,0.18382566585956417,Low,0.559799789251844,Slow Moving,0.007903055848261328,1867,Overestimate (Unmet Demand),0.532314629258517,Underperforming,Unmet Demand Zone,15074,106250,0.845170607028754,91176,8.570588978107068,38248,1195.25,3320.3125,118.625,20.91052973341991,74.60741374835959,48.0
WH155,San Francisco,3095,4848,6,6,12,64914,S345,Groceries,3841,3.190223156493436,2.4640067992908765,4.040233849377735,43468,10594,5244,119,41,53,9.190223156493436,72.47169811320755,0.0008305709858092778,1007,Shortage,0.07120180362565566,Very Low,1.2410339256865912,Healthy,0.013247172859450727,1007,Overestimate (Unmet Demand),0.7922854785478548,Underperforming,Unmet Demand Zone,15838,192050,0.9604568792320857,176212,5.543176191645099,49076,925.9622641509434,3623.5849056603774,58.39622641509434,37.79639750873688,60.82980652033006,49.0
WH493,Denver,4116,4610,8,6,6,34868,S995,Electronics,2702,3.621050529720467,9.73414068336589,3.026274515295321,44883,12300,2152,88,45,54,9.621050529720467,50.03703703703704,0.001340137131650802,1908,Shortage,0.0917050999264755,Very Low,0.6564625850340136,Slow Moving,0.010932944606413994,1908,Overestimate (Unmet Demand),0.586117136659436,Underperforming,Unmet Demand Zone,14452,135100,0.8254151329243353,120648,5.323522088391692,20416,378.0740740740741,2501.8518518518517,76.22222222222223,26.588353571623813,80.89676369553426,54.0
WH399,Denver,4248,2155,2,4,22,52943,S685,Furniture,3942,4.408079852073309,3.8795474461255943,3.6401545727834135,14161,10536,6394,117,48,72,8.408079852073309,54.75,0.001118234361256547,-1787,Overstock,0.29997881505543394,Moderate,0.9279661016949152,Slow Moving,0.011299435028248588,-1787,Under-Forecast,1.8292343387470997,Overperforming,Low Demand Zone,16930,197100,0.9141045154743785,180170,9.967254064346154,36013,500.18055555555554,2737.5,59.0,38.79026268665472,83.49112054874381,61.0
WH495,Los Angeles,3706,3087,8,3,9,86437,S527,Electronics,4339,3.303135834998611,2.1253675132984746,2.1108186746706985,27574,17898,2248,196,44,81,6.303135834998611,53.5679012345679,0.0007612666132746279,-1252,Overstock,0.1344019728729963,Low,1.1708041014570967,Healthy,0.011872638963842417,-1252,Under-Forecast,1.405571752510528,Overperforming,Low Demand Zone,20146,216950,0.9192944369063772,196804,4.241172045678695,66291,818.4074074074074,2678.395061728395,45.75308641975309,42.69684165332188,72.83853407571671,58.0
WH364,Dallas,3213,4295,7,5,19,75884,S617,Apparel,3474,3.1194066672876173,7.273631316549489,2.052771680489821,49723,10859,14319,185,2,17,8.119406667287617,204.35294117647058,0.0008979293803361017,821,Shortage,0.06461798362930636,Very Low,1.0812324929971988,Healthy,0.0006224712107065049,821,Overestimate (Unmet Demand),0.8088474970896391,Underperforming,Unmet Demand Zone,25178,173700,0.855048934945308,148522,9.78227613632806,50706,2982.705882352941,10217.64705882353,189.0,34.18502602065919,63.14900431335072,49.0
WH499,Seattle,2809,1747,7,2,14,70859,S254,Apparel,1314,4.805806644610276,8.834459768962146,2.0623326325656874,14956,17141,13579,247,24,87,6.805806644610276,15.10344827586207,0.0036573870963548523,433,Overstock,0.18781759828831238,Low,0.4677821288714845,Dead Stock,0.008543965824136704,433,Overestimate (Unmet Demand),0.752146536920435,Underperforming,Low Demand Zone,30720,65700,0.8940689097706376,34980,8.252901120435885,40139,461.367816091954,755.1724137931035,32.28735632183908,12.930087562218242,55.208700005042694,34.0
WH105,Houston,565,3432,6,2,22,70908,S732,Electronics,3326,2.313902434046069,8.062124544745291,2.863159632673343,28387,9132,14296,247,21,60,4.313902434046069,55.43333333333333,0.0006957012730144525,106,Shortage,0.019903476943671398,Very Low,5.886725663716814,Very Fast,0.03716814159292035,106,Overestimate (Unmet Demand),0.9691142191142191,Slightly Under,Unmet Demand Zone,23428,166300,0.9381072965669102,142872,11.229787805901463,47480,791.3333333333334,2771.6666666666665,9.416666666666666,32.72866912628453,11.104633500480286,22.0
WH434,Los Angeles,3728,3990,9,6,18,51895,S839,Automotive,9095,2.838561473189817,4.70041585718084,4.777678406085061,43242,13126,13685,171,13,52,8.838561473189817,174.90384615384616,0.00031210131645847353,-5105,Shortage,0.08621247860876,Very Low,2.4396459227467813,Fast Moving,0.0034871244635193135,-5105,Under-Forecast,2.2794486215538847,Highly Overperforming,Future Demand Zone,26811,454750,0.964823048761076,427939,8.61117089449331,25084,482.38461538461536,8745.192307692309,71.6923076923077,89.49706725903722,73.27092688458497,81.0
WH493,Los Angeles,4265,4000,10,3,17,95822,S679,Apparel,2188,2.2170117270312675,1.0412150124314044,4.354504451779448,18618,13257,14977,276,3,23,5.2170117270312675,95.1304347826087,0.0010132594730490254,1812,Overstock,0.22907938554087443,Low,0.5130128956623681,Slow Moving,0.0007033997655334115,1812,Overestimate (Unmet Demand),0.547,Underperforming,Unmet Demand Zone,28234,109400,0.8254151329243353,81166,7.112575523659082,67588,2938.608695652174,4756.521739130435,185.43478260869566,21.53046543845777,83.82524226468747,53.0
WH145,Chicago,2215,2421,5,5,6,50560,S392,Electronics,8757,2.140447525805744,5.3628732525772405,1.1382425282653048,35201,12612,1619,187,47,12,7.140447525805744,729.75,0.000244427032751598,-6336,Shortage,0.06292434874009262,Very Low,3.9534988713318286,Fast Moving,0.021218961625282168,-6336,Under-Forecast,3.617100371747212,Highly Overperforming,Under-Forecast Zone,14231,437850,0.9705386608482204,423619,4.015227664260757,36329,3027.4166666666665,36487.5,184.58333333333334,86.17106300026266,43.534094165599704,65.0
WH248,Atlanta,4784,1437,8,5,19,34112,S768,Electronics,2642,4.251838310284589,7.710305014520818,4.92600906371119,13013,4433,2674,211,25,90,9.25183831028459,29.355555555555554,0.0016093256284196024,-1205,Overstock,0.3676323676323676,Moderate,0.552257525083612,Slow Moving,0.005225752508361204,-1205,Under-Forecast,1.838552540013918,Overperforming,Low Demand Zone,7107,132100,0.9461998485995458,124993,9.914659230108754,27005,300.05555555555554,1467.7777777777778,53.15555555555556,25.997938614444898,94.0257817102614,60.0
WH100,Los Angeles,2217,2642,6,2,10,50313,S143,Electronics,8678,1.121275664949735,6.840928649165778,4.508454139612614,34249,6848,13675,283,29,85,3.121275664949735,102.09411764705882,0.00012920899573055255,-6036,Shortage,0.06473181698735729,Very Low,3.914298601714028,Fast Moving,0.013080739738385205,-6036,Under-Forecast,3.284632853898562,Highly Overperforming,Under-Forecast Zone,20523,433900,0.9545825983509045,413377,6.056202816671249,29790,350.47058823529414,5104.705882352941,26.08235294117647,85.39368330664377,43.57340260276955,64.0
WH028,New York,2543,2562,7,1,9,56665,S996,Groceries,1941,2.1606167820409485,7.353017486163101,2.4397521324381866,27228,4967,11925,54,38,45,3.1606167820409485,43.13333333333333,0.0011131462040396437,621,Shortage,0.09339650359923608,Very Low,0.7632717263075108,Slow Moving,0.014942980731419583,621,Overestimate (Unmet Demand),0.7576112412177985,Underperforming,Low Demand Zone,16892,97050,0.8259453889747553,80158,5.810388140068356,39773,883.8444444444444,2156.6666666666665,56.51111111111111,19.099923864737903,49.98067786145375,35.0
WH286,Denver,4127,2375,3,6,5,58513,S923,Apparel,1780,4.027623835467287,4.118159366328026,1.8571415911412996,15638,14093,4045,255,44,75,10.027623835467287,23.733333333333334,0.0022627100199254417,595,Overstock,0.2639084281877478,Moderate,0.4313060334383329,Dead Stock,0.010661497455779016,595,Overestimate (Unmet Demand),0.7494736842105263,Underperforming,Low Demand Zone,18138,89000,0.9389265282063729,70862,3.2386462591351415,40375,538.3333333333334,1186.6666666666667,55.026666666666664,17.51564372964115,81.11296009996839,49.0
WH060,New York,4630,3420,4,4,24,57943,S355,Groceries,8715,1.8213100976989345,4.615336795584389,3.5311855999008483,44641,7152,12031,82,19,34,5.821310097698935,256.3235294117647,0.00020898566812380202,-5295,Overstock,0.10371631459868731,Low,1.8822894168466522,Healthy,0.004103671706263499,-5295,Under-Forecast,2.5482456140350878,Highly Overperforming,Future Demand Zone,19183,435750,0.9634604891115631,416567,10.985832140187197,38760,1140.0,12816.176470588236,136.1764705882353,85.75777253023742,90.99903204818358,88.0
WH274,Los Angeles,4994,1228,5,5,6,70245,S740,Furniture,8855,1.8390851971727595,9.813247273358272,2.644791617566429,30671,16446,1274,153,3,85,6.83908519717276,104.17647058823529,0.00020768889860787798,-7627,Overstock,0.16282481823220632,Low,1.7731277533039647,Healthy,0.0006007208650380457,-7627,Under-Forecast,7.210912052117264,Highly Overperforming,Under-Forecast Zone,17720,442750,0.9599774138904573,425030,5.344154398266993,52525,617.9411764705883,5208.823529411765,58.752941176470586,87.13540743032156,98.15316761309478,93.0
WH319,New York,1206,4118,5,4,24,55373,S952,Apparel,9874,3.432728194687892,8.34413892734694,4.754483311374395,12227,16050,8770,250,39,41,7.432728194687892,240.82926829268294,0.00034765325042413327,-5756,Shortage,0.09863417027889097,Very Low,8.187396351575456,Very Fast,0.03233830845771144,-5756,Under-Forecast,2.3977659057795044,Highly Overperforming,Future Demand Zone,24820,493700,0.9468869738622605,468880,12.112943170741397,30553,745.1951219512196,12041.463414634147,29.414634146341463,97.1626214530768,23.702987613414557,60.0
WH303,Denver,2850,3908,4,2,12,58194,S591,Apparel,2912,4.905858342076278,5.135826289982817,1.3717735332817966,47174,18838,1891,260,15,33,6.905858342076278,88.24242424242425,0.0016847041009877327,996,Shortage,0.060414635180395984,Very Low,1.0217543859649123,Healthy,0.005263157894736842,996,Overestimate (Unmet Demand),0.7451381780962129,Underperforming,Unmet Demand Zone,20729,145600,0.8933142467620995,124871,6.342326834363267,37465,1135.3030303030303,4412.121212121212,86.36363636363636,28.654805921750015,56.014522967024455,42.0
WH258,Miami,1017,4062,6,7,7,62446,S154,Automotive,7929,1.873093079927344,3.35607117009695,3.0428223544766944,13932,7226,9521,222,47,72,8.873093079927344,110.125,0.00023623320468247496,-3867,Shortage,0.07299741602067183,Very Low,7.79646017699115,Very Fast,0.046214355948869225,-3867,Under-Forecast,1.9519940915805023,Overperforming,Future Demand Zone,16747,396450,0.9300041261420572,379703,3.820685657813746,45699,634.7083333333334,5506.25,14.125,78.02333659119364,19.988340300864515,49.0
WH239,Chicago,610,1183,3,1,22,43540,S120,Automotive,7865,4.750081786612892,2.479564328328047,4.921400242955563,29570,17196,717,141,7,41,5.750081786612892,191.82926829268294,0.0006039519118388928,-6682,Shortage,0.020629015894487658,Very Low,12.89344262295082,Very Fast,0.011475409836065573,-6682,Under-Forecast,6.648351648351649,Highly Overperforming,Under-Forecast Zone,17913,393250,0.9330101626016261,375337,9.547311921449234,25627,625.0487804878048,9591.463414634147,14.878048780487806,77.39356063686945,11.989073336801725,45.0
WH162,Chicago,2247,4189,10,4,12,53533,S831,Apparel,5348,3.4453273064589856,3.803589725440891,4.943949490291657,40767,6053,11638,63,27,80,7.445327306458985,66.85,0.0006442272450372075,-1159,Shortage,0.05511811023622047,Very Low,2.38006230529595,Fast Moving,0.012016021361815754,-1159,Under-Forecast,1.2766770112198615,Overperforming,Future Demand Zone,17691,267400,0.9074704671074022,249709,5.944681724040812,35842,448.025,3342.5,28.0875,52.62565318321397,44.16302916031717,48.0
WH361,Seattle,3672,2652,6,4,13,63188,S383,Electronics,8655,4.236001183004077,6.898189428845661,4.138287320546762,40379,19104,11161,211,50,92,8.236001183004078,94.07608695652173,0.0004894282129409679,-6003,Overstock,0.09093835904802001,Very Low,2.3570261437908497,Fast Moving,0.013616557734204794,-6003,Under-Forecast,3.263574660633484,Highly Overperforming,Under-Forecast Zone,30265,432750,0.9277272324984512,402485,7.27354179597396,32923,357.85869565217394,4703.804347826087,39.91304347826087,85.16735757305851,72.1702906438294,79.0
WH190,Dallas,3101,898,9,2,10,81760,S434,Groceries,1225,3.736437996612843,5.842065865573657,2.5995910635589907,43489,7690,3512,259,5,59,5.7364379966128425,20.76271186440678,0.003050153466622729,-327,Overstock,0.07130538756927039,Very Low,0.39503386004514673,Dead Stock,0.0016123831022250886,-327,Under-Forecast,1.364142538975501,Overperforming,Low Demand Zone,11202,61250,0.8171102040816327,50048,5.7531034746027645,70558,1195.8983050847457,1038.135593220339,52.559322033898304,12.054305375736185,60.94773183183959,37.0
WH082,New York,739,4749,8,5,9,74847,S405,Electronics,1854,0.7247454022780034,5.912708590707941,3.076839609477521,35493,2900,763,48,48,84,5.724745402278003,22.071428571428573,0.0003909090627173697,2895,Shortage,0.0208210069591187,Very Low,2.5087956698240865,Fast Moving,0.06495263870094722,2895,Overestimate (Unmet Demand),0.3903979785217941,Underperforming,Unmet Demand Zone,3663,92700,0.9151377468848012,89037,5.393298368822666,71184,847.4285714285714,1103.5714285714287,8.797619047619047,18.243822176828477,14.524467534256516,16.0
WH326,San Francisco,1966,2828,6,4,19,90169,S979,Apparel,2245,3.548535284207611,5.667817303856108,2.4322170322814145,34704,7944,11357,99,43,39,7.548535284207611,57.56410256410256,0.0015806393248140806,583,Shortage,0.05665053019824804,Very Low,1.1419125127161749,Healthy,0.02187182095625636,583,Overestimate (Unmet Demand),0.7938472418670438,Underperforming,Low Demand Zone,19301,112250,0.9193623768986814,92949,9.30690673744371,70868,1817.128205128205,2878.2051282051284,50.41025641025641,22.09135964777774,38.64019373795441,30.0
WH448,Denver,1499,5099,4,6,8,33565,S651,Electronics,4985,4.461434466443609,4.33721389368103,4.248766052313778,38854,17196,7278,21,44,64,10.46143446644361,77.890625,0.0008949718087148664,114,Shortage,0.038580326349925365,Very Low,3.325550366911274,Fast Moving,0.02935290193462308,114,Overestimate (Unmet Demand),0.9776426750343205,Slightly Under,Unmet Demand Zone,24474,249250,0.9018094282848546,224776,4.509970038684696,9091,142.046875,3894.53125,23.421875,49.053642692281535,29.461673658796368,39.0
WH309,Houston,1500,4869,3,3,13,97981,S268,Electronics,2813,0.9951979885031692,5.278446595875547,4.145348647081078,10630,19353,10524,107,39,76,3.995197988503169,37.01315789473684,0.00035378527852938826,2056,Shortage,0.14111006585136407,Low,1.8753333333333333,Healthy,0.026,2056,Overestimate (Unmet Demand),0.5777367015814335,Underperforming,Unmet Demand Zone,29877,140650,0.7875790970494134,110773,6.791333978762664,68104,896.1052631578947,1850.657894736842,19.736842105263158,27.680621242404804,29.48132787738129,29.0
WH067,San Francisco,2199,2979,4,4,8,45475,S955,Apparel,4946,2.11067885896301,1.3465287520307423,3.6266602783893607,38735,11826,3479,122,47,34,6.11067885896301,145.47058823529412,0.0004267446136196947,-1967,Shortage,0.05677036272105331,Very Low,2.249204183719873,Fast Moving,0.021373351523419737,-1967,Under-Forecast,1.6602886874790197,Overperforming,Low Demand Zone,15305,247300,0.9381116053376466,231995,3.6103706310662487,30170,887.3529411764706,7273.529411764706,64.67647058823529,48.669872970115236,43.21962666824097,46.0
WH351,San Francisco,634,705,6,7,11,44147,S831,Apparel,1694,3.2391515461510987,8.87487812927209,1.5428912334511449,25823,17306,917,276,6,62,10.2391515461511,27.322580645161292,0.0019121319634894324,-989,Shortage,0.024551756186345506,Very Low,2.67192429022082,Fast Moving,0.00946372239747634,-989,Under-Forecast,2.4028368794326243,Highly Overperforming,Low Demand Zone,18223,84700,0.7848524203069658,66477,7.06530255550087,25924,418.1290322580645,1366.1290322580646,10.225806451612904,16.66938229101804,12.460774582839825,15.0
WH386,Chicago,535,3663,6,5,21,64769,S648,Groceries,7238,1.564553579129904,0.5166185234534095,4.152017310925927,21576,4079,1041,156,26,86,6.564553579129904,84.16279069767442,0.00021615827288337991,-3575,Shortage,0.024796069707081942,Very Low,13.528971962616822,Very Fast,0.048598130841121495,-3575,Under-Forecast,1.975975975975976,Overperforming,Future Demand Zone,5120,361900,0.9858524454269135,356780,8.56956499628836,59649,693.5930232558139,4208.139534883721,6.22093023255814,71.2237243343498,10.51500694293266,41.0
WH083,Miami,2910,3448,7,7,16,84542,S315,Groceries,3837,2.7296322312551644,8.07749643906726,3.881242229309601,14643,4303,5330,91,11,17,9.729632231255165,225.7058823529412,0.0007113975061910776,-389,Shortage,0.19872976849006352,Low,1.3185567010309278,Healthy,0.003780068728522337,-389,Under-Forecast,1.1128190255220418,Accurate,Unmet Demand Zone,9633,191850,0.9497888975762314,182217,8.824382952338734,74909,4406.411764705882,11285.29411764706,171.1764705882353,37.75703651159162,57.193776082119705,47.0
WH113,San Francisco,2373,1542,2,5,15,92064,S178,Electronics,4806,4.728511445262862,6.882992849254215,4.965105921730136,18600,5680,3070,163,48,91,9.728511445262862,52.81318681318681,0.000983876705214911,-3264,Overstock,0.12758064516129033,Low,2.0252844500632112,Fast Moving,0.020227560050568902,-3264,Under-Forecast,3.1167315175097277,Highly Overperforming,Low Demand Zone,8750,240300,0.9224666359871145,231550,8.070966122791434,83314,915.5384615384615,2640.6593406593406,26.076923076923077,47.292238070031104,46.6394607020172,47.0
WH057,Chicago,2182,712,10,2,23,67124,S221,Groceries,3908,2.616694545838304,5.352585469656307,1.3356840914265118,43289,8634,13556,138,35,28,4.616694545838304,139.57142857142858,0.0006695738346566797,-3196,Overstock,0.05040541477049597,Very Low,1.7910174152153988,Healthy,0.016040329972502293,-3196,Under-Forecast,5.48876404494382,Highly Overperforming,Low Demand Zone,22190,195400,0.8781537530266343,173210,10.810587739888645,44934,1604.7857142857142,6978.571428571428,77.92857142857143,38.45569421092001,42.88550495229732,41.0
WH145,New York,4357,1521,10,5,20,65281,S830,Groceries,5909,3.9382488563969016,5.445214351555039,1.8293048518849409,47701,1581,5792,119,43,97,8.938248856396902,60.91752577319588,0.0006664831369769676,-4388,Overstock,0.091339804196977,Very Low,1.356208400275419,Healthy,0.009869176038558641,-4388,Under-Forecast,3.8849441157133464,Highly Overperforming,Under-Forecast Zone,7373,295450,0.9705386608482204,288077,9.63652505827808,57908,596.9896907216495,3045.8762886597938,44.91752577319588,58.146033032836826,85.6334303745002,72.0
WH181,Miami,3110,3322,4,7,8,88426,S663,Groceries,4584,3.786971377255448,1.4528526212060722,4.916439340671136,48667,4070,9536,47,29,77,10.786971377255448,59.532467532467535,0.0008261281363995305,-1262,Shortage,0.06390367189265828,Very Low,1.4739549839228296,Healthy,0.00932475884244373,-1262,Under-Forecast,1.3798916315472607,Overperforming,Unmet Demand Zone,13606,229200,0.9050835443037974,215594,3.6386532140145547,74820,971.6883116883117,2976.6233766233768,40.38961038961039,45.107702728469114,61.124619799103876,53.0
WH068,Seattle,1636,4170,4,3,6,87751,S961,Apparel,1699,0.6839042575502761,8.474155737103107,4.142397983429266,17858,9501,5919,9,38,61,3.6839042575502763,27.852459016393443,0.0004025334064451301,2471,Shortage,0.09161160264307314,Very Low,1.0385085574572128,Healthy,0.023227383863080684,2471,Overestimate (Unmet Demand),0.40743405275779376,Underperforming,Unmet Demand Zone,15420,84950,0.9627020695041,69530,4.949214936289856,72331,1185.7540983606557,1392.622950819672,26.81967213114754,16.718583537449614,32.154301604930524,24.0
WH204,Seattle,1821,536,9,6,23,78229,S966,Electronics,8828,1.2981252941115855,7.0068577767571565,1.1504127771358197,12831,7219,3575,204,24,48,7.2981252941115855,183.91666666666666,0.00014704636317530422,-8292,Overstock,0.1419219078793547,Low,4.84788577704558,Fast Moving,0.013179571663920923,-8292,Under-Forecast,16.470149253731343,Highly Overperforming,Under-Forecast Zone,10794,441400,0.978016286046654,430606,11.306011204526325,67435,1404.8958333333333,9195.833333333334,37.9375,86.86972069959104,35.790332043140886,61.0
WH047,Dallas,2309,3122,7,3,16,84305,S185,Automotive,7267,4.222160452028311,2.1536689786064755,2.355345437861804,23096,6377,14269,254,15,6,7.222160452028311,1211.1666666666667,0.000581004603278975,-4145,Shortage,0.09997402147558018,Very Low,3.1472498917280207,Fast Moving,0.0064963187527068,-4145,Under-Forecast,2.3276745675848813,Highly Overperforming,Future Demand Zone,20646,363350,0.9431787532681987,342704,7.048049589207755,63659,10609.833333333334,60558.333333333336,384.8333333333333,71.50909156365294,45.381590712582266,58.0
